"security_id","symbol","name","series","tick_size","lot_size","instrument_type","segment","exchange","upper_limit","lower_limit","expiry_date","strike_price","freeze_quantity"
"36687","011NSETEST-Nov2036-FUT","011NSETEST NOV FUT","","5.0000","50","FUTSTK","D","NSE","220.0000","180.0000","2036-11-27 14:00:00","","100001"
"36690","021NSETEST-Nov2036-FUT","021NSETEST NOV FUT","","5.0000","50","FUTSTK","D","NSE","220.0000","180.0000","2036-11-27 14:00:00","","100001"
"36691","031NSETEST-Nov2036-FUT","031NSETEST NOV FUT","","5.0000","50","FUTSTK","D","NSE","220.0000","180.0000","2036-11-27 14:00:00","","100001"
"36694","041NSETEST-Nov2036-FUT","041NSETEST NOV FUT","","5.0000","50","FUTSTK","D","NSE","220.0000","180.0000","2036-11-27 14:00:00","","100001"
"36697","051NSETEST-Nov2036-FUT","051NSETEST NOV FUT","","5.0000","50","FUTSTK","D","NSE","220.0000","180.0000","2036-11-27 14:00:00","","100001"
"36700","061NSETEST-Nov2036-FUT","061NSETEST NOV FUT","","5.0000","50","FUTSTK","D","NSE","220.0000","180.0000","2036-11-27 14:00:00","","100001"
"36702","071NSETEST-Nov2036-FUT","071NSETEST NOV FUT","","5.0000","50","FUTSTK","D","NSE","220.0000","180.0000","2036-11-27 14:00:00","","100001"
"36709","081NSETEST-Nov2036-FUT","081NSETEST NOV FUT","","5.0000","50","FUTSTK","D","NSE","220.0000","180.0000","2036-11-27 14:00:00","","100001"
"36713","091NSETEST-Nov2036-FUT","091NSETEST NOV FUT","","5.0000","50","FUTSTK","D","NSE","220.0000","180.0000","2036-11-27 14:00:00","","100001"
"36715","101NSETEST-Nov2036-FUT","101NSETEST NOV FUT","","5.0000","50","FUTSTK","D","NSE","220.0000","180.0000","2036-11-27 14:00:00","","100001"
"36716","111NSETEST-Nov2036-FUT","111NSETEST NOV FUT","","5.0000","50","FUTSTK","D","NSE","220.0000","180.0000","2036-11-27 14:00:00","","100001"
"36718","121NSETEST-Nov2036-FUT","121NSETEST NOV FUT","","5.0000","50","FUTSTK","D","NSE","220.0000","180.0000","2036-11-27 14:00:00","","100001"
"36720","131NSETEST-Nov2036-FUT","131NSETEST NOV FUT","","5.0000","50","FUTSTK","D","NSE","220.0000","180.0000","2036-11-27 14:00:00","","100001"
"36721","141NSETEST-Nov2036-FUT","141NSETEST NOV FUT","","5.0000","50","FUTSTK","D","NSE","220.0000","180.0000","2036-11-27 14:00:00","","100001"
"36724","151NSETEST-Nov2036-FUT","151NSETEST NOV FUT","","5.0000","50","FUTSTK","D","NSE","220.0000","180.0000","2036-11-27 14:00:00","","100001"
"36725","161NSETEST-Nov2036-FUT","161NSETEST NOV FUT","","5.0000","50","FUTSTK","D","NSE","220.0000","180.0000","2036-11-27 14:00:00","","100001"
"35709","MIDCPNIFTY-May2024-FUT","MIDCPNIFTY MAY FUT","","5.0000","75","FUTIDX","D","NSE","12454.1500","10189.8000","2024-05-27 14:00:00","","4201"
"35089","FINNIFTY-May2024-FUT","FINNIFTY MAY FUT","","5.0000","40","FUTIDX","D","NSE","23681.9000","19376.1000","2024-05-28 14:00:00","","1801"
"46923","BANKNIFTY-May2024-FUT","BANKNIFTY MAY FUT","","5.0000","15","FUTIDX","D","NSE","53116.9500","43459.3000","2024-05-29 14:00:00","","901"
"46930","NIFTY-May2024-FUT","NIFTY MAY FUT","","5.0000","25","FUTIDX","D","NSE","24798.3000","20289.5500","2024-05-30 14:00:00","","1801"
"46931","AARTIIND-May2024-FUT","AARTIIND MAY FUT","","5.0000","1000","FUTSTK","D","NSE","694.8000","568.4500","2024-05-30 14:00:00","","30001"
"46932","ABB-May2024-FUT","ABB MAY FUT","","5.0000","125","FUTSTK","D","NSE","9261.6500","7577.7000","2024-05-30 14:00:00","","3751"
"46933","ABBOTINDIA-May2024-FUT","ABBOTINDIA MAY FUT","","5.0000","20","FUTSTK","D","NSE","29452.2500","24097.3000","2024-05-30 14:00:00","","1001"
"47144","ABCAPITAL-May2024-FUT","ABCAPITAL MAY FUT","","5.0000","5400","FUTSTK","D","NSE","245.1000","200.5500","2024-05-30 14:00:00","","108001"
"47145","ABFRL-May2024-FUT","ABFRL MAY FUT","","5.0000","2600","FUTSTK","D","NSE","291.3500","238.4000","2024-05-30 14:00:00","","104001"
"47455","ACC-May2024-FUT","ACC MAY FUT","","5.0000","300","FUTSTK","D","NSE","2775.3000","2270.7000","2024-05-30 14:00:00","","9001"
"47456","ADANIENT-May2024-FUT","ADANIENT MAY FUT","","5.0000","300","FUTSTK","D","NSE","3376.4500","2762.5500","2024-05-30 14:00:00","","9001"
"47457","ADANIPORTS-May2024-FUT","ADANIPORTS MAY FUT","","5.0000","400","FUTSTK","D","NSE","1476.0500","1207.7000","2024-05-30 14:00:00","","16001"
"47458","ALKEM-May2024-FUT","ALKEM MAY FUT","","5.0000","100","FUTSTK","D","NSE","6011.4000","4918.4500","2024-05-30 14:00:00","","5001"
"47459","AMBUJACEM-May2024-FUT","AMBUJACEM MAY FUT","","5.0000","900","FUTSTK","D","NSE","679.9000","556.2500","2024-05-30 14:00:00","","36001"
"47460","APOLLOHOSP-May2024-FUT","APOLLOHOSP MAY FUT","","5.0000","125","FUTSTK","D","NSE","6550.0500","5359.1000","2024-05-30 14:00:00","","3751"
"48453","APOLLOTYRE-May2024-FUT","APOLLOTYRE MAY FUT","","5.0000","1700","FUTSTK","D","NSE","540.3000","442.0500","2024-05-30 14:00:00","","51001"
"48456","ASHOKLEY-May2024-FUT","ASHOKLEY MAY FUT","","5.0000","5000","FUTSTK","D","NSE","232.0000","189.8500","2024-05-30 14:00:00","","150001"
"48457","ASIANPAINT-May2024-FUT","ASIANPAINT MAY FUT","","5.0000","200","FUTSTK","D","NSE","3107.1500","2542.2000","2024-05-30 14:00:00","","8001"
"48458","ASTRAL-May2024-FUT","ASTRAL MAY FUT","","5.0000","367","FUTSTK","D","NSE","2416.0000","1976.7500","2024-05-30 14:00:00","","11011"
"50925","ATUL-May2024-FUT","ATUL MAY FUT","","5.0000","75","FUTSTK","D","NSE","6585.1500","5387.8500","2024-05-30 14:00:00","","4001"
"50926","AUBANK-May2024-FUT","AUBANK MAY FUT","","5.0000","1000","FUTSTK","D","NSE","688.8500","563.6000","2024-05-30 14:00:00","","40001"
"50927","AUROPHARMA-May2024-FUT","AUROPHARMA MAY FUT","","5.0000","550","FUTSTK","D","NSE","1326.0500","1084.9500","2024-05-30 14:00:00","","22001"
"50928","AXISBANK-May2024-FUT","AXISBANK MAY FUT","","5.0000","625","FUTSTK","D","NSE","1259.2500","1030.3000","2024-05-30 14:00:00","","25001"
"50929","BAJAJ-AUTO-May2024-FUT","BAJAJ-AUTO MAY FUT","","5.0000","125","FUTSTK","D","NSE","9718.5000","7951.5000","2024-05-30 14:00:00","","3001"
"50930","BAJAJFINSV-May2024-FUT","BAJAJFINSV MAY FUT","","5.0000","500","FUTSTK","D","NSE","1747.3000","1429.6500","2024-05-30 14:00:00","","15001"
"50931","BAJFINANCE-May2024-FUT","BAJFINANCE MAY FUT","","5.0000","125","FUTSTK","D","NSE","7415.8500","6067.5000","2024-05-30 14:00:00","","3751"
"50932","BALKRISIND-May2024-FUT","BALKRISIND MAY FUT","","5.0000","300","FUTSTK","D","NSE","3078.2500","2518.6000","2024-05-30 14:00:00","","12001"
"50933","BALRAMCHIN-May2024-FUT","BALRAMCHIN MAY FUT","","5.0000","1600","FUTSTK","D","NSE","419.4500","343.2000","2024-05-30 14:00:00","","64001"
"50934","BANDHANBNK-May2024-FUT","BANDHANBNK MAY FUT","","5.0000","2500","FUTSTK","D","NSE","201.1500","164.6000","2024-05-30 14:00:00","","112001"
"50935","BANKBARODA-May2024-FUT","BANKBARODA MAY FUT","","5.0000","2925","FUTSTK","D","NSE","289.1500","236.6000","2024-05-30 14:00:00","","87751"
"50936","BATAINDIA-May2024-FUT","BATAINDIA MAY FUT","","5.0000","375","FUTSTK","D","NSE","1517.9000","1241.9500","2024-05-30 14:00:00","","18751"
"50937","BEL-May2024-FUT","BEL MAY FUT","","5.0000","2850","FUTSTK","D","NSE","284.6000","232.8500","2024-05-30 14:00:00","","114001"
"50938","BERGEPAINT-May2024-FUT","BERGEPAINT MAY FUT","","5.0000","1320","FUTSTK","D","NSE","541.7000","443.2500","2024-05-30 14:00:00","","39601"
"50939","BHARATFORG-May2024-FUT","BHARATFORG MAY FUT","","5.0000","500","FUTSTK","D","NSE","1642.7500","1344.1000","2024-05-30 14:00:00","","20001"
"50941","BHARTIARTL-May2024-FUT","BHARTIARTL MAY FUT","","5.0000","475","FUTSTK","D","NSE","1484.2500","1214.4000","2024-05-30 14:00:00","","19001"
"50942","BHEL-May2024-FUT","BHEL MAY FUT","","5.0000","2625","FUTSTK","D","NSE","342.6000","280.3500","2024-05-30 14:00:00","","78751"
"50943","BIOCON-May2024-FUT","BIOCON MAY FUT","","5.0000","2500","FUTSTK","D","NSE","335.2000","274.2500","2024-05-30 14:00:00","","75001"
"50944","BOSCHLTD-May2024-FUT","BOSCHLTD MAY FUT","","5.0000","25","FUTSTK","D","NSE","33641.8500","27525.1500","2024-05-30 14:00:00","","751"
"50945","BPCL-May2024-FUT","BPCL MAY FUT","","5.0000","900","FUTSTK","D","NSE","691.6500","565.9000","2024-05-30 14:00:00","","36001"
"50946","BRITANNIA-May2024-FUT","BRITANNIA MAY FUT","","5.0000","200","FUTSTK","D","NSE","5612.9500","4592.4000","2024-05-30 14:00:00","","6001"
"50947","BSOFT-May2024-FUT","BSOFT MAY FUT","","5.0000","1000","FUTSTK","D","NSE","674.8500","552.1500","2024-05-30 14:00:00","","30001"
"50948","CANBK-May2024-FUT","CANBK MAY FUT","","5.0000","6750","FUTSTK","D","NSE","125.9500","103.0500","2024-05-30 14:00:00","","202501"
"50949","CANFINHOME-May2024-FUT","CANFINHOME MAY FUT","","5.0000","975","FUTSTK","D","NSE","835.5500","683.6000","2024-05-30 14:00:00","","29251"
"50950","CHAMBLFERT-May2024-FUT","CHAMBLFERT MAY FUT","","5.0000","1900","FUTSTK","D","NSE","441.8000","361.4500","2024-05-30 14:00:00","","57001"
"50951","CHOLAFIN-May2024-FUT","CHOLAFIN MAY FUT","","5.0000","625","FUTSTK","D","NSE","1412.1000","1155.3500","2024-05-30 14:00:00","","18751"
"50952","CIPLA-May2024-FUT","CIPLA MAY FUT","","5.0000","650","FUTSTK","D","NSE","1544.1500","1263.4000","2024-05-30 14:00:00","","19501"
"50953","COALINDIA-May2024-FUT","COALINDIA MAY FUT","","5.0000","2100","FUTSTK","D","NSE","518.4000","424.1500","2024-05-30 14:00:00","","63001"
"50954","COFORGE-May2024-FUT","COFORGE MAY FUT","","5.0000","150","FUTSTK","D","NSE","5207.1000","4260.3500","2024-05-30 14:00:00","","4501"
"50955","COLPAL-May2024-FUT","COLPAL MAY FUT","","5.0000","350","FUTSTK","D","NSE","2924.7000","2392.9500","2024-05-30 14:00:00","","10501"
"50959","CONCOR-May2024-FUT","CONCOR MAY FUT","","5.0000","1000","FUTSTK","D","NSE","1210.2500","990.2000","2024-05-30 14:00:00","","30001"
"50968","COROMANDEL-May2024-FUT","COROMANDEL MAY FUT","","5.0000","700","FUTSTK","D","NSE","1372.4000","1122.8500","2024-05-30 14:00:00","","21001"
"50974","CROMPTON-May2024-FUT","CROMPTON MAY FUT","","5.0000","1800","FUTSTK","D","NSE","443.3000","362.7000","2024-05-30 14:00:00","","72001"
"50975","CUB-May2024-FUT","CUB MAY FUT","","5.0000","5000","FUTSTK","D","NSE","168.5000","137.8500","2024-05-30 14:00:00","","150001"
"50977","CUMMINSIND-May2024-FUT","CUMMINSIND MAY FUT","","5.0000","300","FUTSTK","D","NSE","4193.9000","3431.3500","2024-05-30 14:00:00","","9001"
"50980","DABUR-May2024-FUT","DABUR MAY FUT","","5.0000","1250","FUTSTK","D","NSE","593.6000","485.6500","2024-05-30 14:00:00","","50001"
"50982","DALBHARAT-May2024-FUT","DALBHARAT MAY FUT","","5.0000","250","FUTSTK","D","NSE","2002.9500","1638.8000","2024-05-30 14:00:00","","11001"
"50983","DEEPAKNTR-May2024-FUT","DEEPAKNTR MAY FUT","","5.0000","300","FUTSTK","D","NSE","2788.6500","2281.6000","2024-05-30 14:00:00","","9001"
"50985","DIVISLAB-May2024-FUT","DIVISLAB MAY FUT","","5.0000","200","FUTSTK","D","NSE","4331.1000","3543.6500","2024-05-30 14:00:00","","6001"
"50986","DIXON-May2024-FUT","DIXON MAY FUT","","5.0000","100","FUTSTK","D","NSE","9867.8000","8073.6500","2024-05-30 14:00:00","","3001"
"50987","DLF-May2024-FUT","DLF MAY FUT","","5.0000","825","FUTSTK","D","NSE","939.1500","768.4000","2024-05-30 14:00:00","","24751"
"50988","DRREDDY-May2024-FUT","DRREDDY MAY FUT","","5.0000","125","FUTSTK","D","NSE","6404.1000","5239.7500","2024-05-30 14:00:00","","3751"
"50989","EICHERMOT-May2024-FUT","EICHERMOT MAY FUT","","5.0000","175","FUTSTK","D","NSE","5168.5500","4228.8000","2024-05-30 14:00:00","","5251"
"50990","ESCORTS-May2024-FUT","ESCORTS MAY FUT","","5.0000","275","FUTSTK","D","NSE","4321.9000","3536.1000","2024-05-30 14:00:00","","8251"
"50991","EXIDEIND-May2024-FUT","EXIDEIND MAY FUT","","5.0000","1800","FUTSTK","D","NSE","525.7500","430.2000","2024-05-30 14:00:00","","54001"
"50992","FEDERALBNK-May2024-FUT","FEDERALBNK MAY FUT","","5.0000","5000","FUTSTK","D","NSE","180.4000","147.6000","2024-05-30 14:00:00","","150001"
"50993","GAIL-May2024-FUT","GAIL MAY FUT","","5.0000","4575","FUTSTK","D","NSE","230.4500","188.5500","2024-05-30 14:00:00","","137251"
"50994","GLENMARK-May2024-FUT","GLENMARK MAY FUT","","5.0000","725","FUTSTK","D","NSE","1150.5000","941.3500","2024-05-30 14:00:00","","21751"
"50995","GMRINFRA-May2024-FUT","GMRINFRA MAY FUT","","5.0000","11250","FUTSTK","D","NSE","94.2500","77.1000","2024-05-30 14:00:00","","337501"
"50996","GNFC-May2024-FUT","GNFC MAY FUT","","5.0000","1300","FUTSTK","D","NSE","737.3000","603.2500","2024-05-30 14:00:00","","39001"
"50997","GODREJCP-May2024-FUT","GODREJCP MAY FUT","","5.0000","500","FUTSTK","D","NSE","1434.0000","1173.2500","2024-05-30 14:00:00","","20001"
"50998","GODREJPROP-May2024-FUT","GODREJPROP MAY FUT","","5.0000","475","FUTSTK","D","NSE","3151.3500","2578.4000","2024-05-30 14:00:00","","9001"
"50999","GRANULES-May2024-FUT","GRANULES MAY FUT","","5.0000","2000","FUTSTK","D","NSE","447.6500","366.3000","2024-05-30 14:00:00","","60001"
"51000","GRASIM-May2024-FUT","GRASIM MAY FUT","","5.0000","477","FUTSTK","D","NSE","2680.3000","2192.9500","2024-05-30 14:00:00","","10001"
"51001","GUJGASLTD-May2024-FUT","GUJGASLTD MAY FUT","","5.0000","1250","FUTSTK","D","NSE","611.0000","499.9500","2024-05-30 14:00:00","","50001"
"51002","HAL-May2024-FUT","HAL MAY FUT","","5.0000","300","FUTSTK","D","NSE","5212.7000","4264.9500","2024-05-30 14:00:00","","6001"
"51003","HAVELLS-May2024-FUT","HAVELLS MAY FUT","","5.0000","500","FUTSTK","D","NSE","2010.1000","1644.6500","2024-05-30 14:00:00","","15001"
"51004","HCLTECH-May2024-FUT","HCLTECH MAY FUT","","5.0000","350","FUTSTK","D","NSE","1472.9000","1205.1000","2024-05-30 14:00:00","","14001"
"51005","HDFCAMC-May2024-FUT","HDFCAMC MAY FUT","","5.0000","150","FUTSTK","D","NSE","4170.0000","3411.8500","2024-05-30 14:00:00","","6001"
"51006","HDFCBANK-May2024-FUT","HDFCBANK MAY FUT","","5.0000","550","FUTSTK","D","NSE","1617.2000","1323.1500","2024-05-30 14:00:00","","16501"
"51007","HDFCLIFE-May2024-FUT","HDFCLIFE MAY FUT","","5.0000","1100","FUTSTK","D","NSE","627.6500","513.5000","2024-05-30 14:00:00","","44001"
"51008","HEROMOTOCO-May2024-FUT","HEROMOTOCO MAY FUT","","5.0000","150","FUTSTK","D","NSE","5627.8000","4604.5500","2024-05-30 14:00:00","","6001"
"51009","HINDALCO-May2024-FUT","HINDALCO MAY FUT","","5.0000","1400","FUTSTK","D","NSE","727.4500","595.2000","2024-05-30 14:00:00","","42001"
"51010","HINDCOPPER-May2024-FUT","HINDCOPPER MAY FUT","","5.0000","2650","FUTSTK","D","NSE","428.9000","350.9500","2024-05-30 14:00:00","","79501"
"51011","HINDPETRO-May2024-FUT","HINDPETRO MAY FUT","","5.0000","1350","FUTSTK","D","NSE","555.7500","454.7000","2024-05-30 14:00:00","","54001"
"51012","HINDUNILVR-May2024-FUT","HINDUNILVR MAY FUT","","5.0000","300","FUTSTK","D","NSE","2563.7000","2097.5500","2024-05-30 14:00:00","","12001"
"51013","ICICIBANK-May2024-FUT","ICICIBANK MAY FUT","","5.0000","700","FUTSTK","D","NSE","1246.0000","1019.4500","2024-05-30 14:00:00","","21001"
"51014","ICICIGI-May2024-FUT","ICICIGI MAY FUT","","5.0000","500","FUTSTK","D","NSE","1841.9000","1507.0500","2024-05-30 14:00:00","","15001"
"51015","ICICIPRULI-May2024-FUT","ICICIPRULI MAY FUT","","5.0000","1500","FUTSTK","D","NSE","649.1500","531.1000","2024-05-30 14:00:00","","45001"
"51016","IDEA-May2024-FUT","IDEA MAY FUT","","5.0000","40000","FUTSTK","D","NSE","14.6500","12.0000","2024-05-30 14:00:00","","1600001"
"51017","IDFC-May2024-FUT","IDFC MAY FUT","","5.0000","5000","FUTSTK","D","NSE","126.2500","103.3000","2024-05-30 14:00:00","","200001"
"51021","IDFCFIRSTB-May2024-FUT","IDFCFIRSTB MAY FUT","","5.0000","7500","FUTSTK","D","NSE","85.4000","69.8500","2024-05-30 14:00:00","","300001"
"51022","IEX-May2024-FUT","IEX MAY FUT","","5.0000","3750","FUTSTK","D","NSE","174.8000","143.0500","2024-05-30 14:00:00","","150001"
"51023","IGL-May2024-FUT","IGL MAY FUT","","5.0000","1375","FUTSTK","D","NSE","489.3500","400.4000","2024-05-30 14:00:00","","55001"
"51024","INDHOTEL-May2024-FUT","INDHOTEL MAY FUT","","5.0000","1000","FUTSTK","D","NSE","629.7500","515.2500","2024-05-30 14:00:00","","40001"
"51025","INDIACEM-May2024-FUT","INDIACEM MAY FUT","","5.0000","2900","FUTSTK","D","NSE","235.1000","192.3500","2024-05-30 14:00:00","","116001"
"51026","INDIAMART-May2024-FUT","INDIAMART MAY FUT","","5.0000","300","FUTSTK","D","NSE","2905.7500","2377.4000","2024-05-30 14:00:00","","9001"
"51027","INDIGO-May2024-FUT","INDIGO MAY FUT","","5.0000","300","FUTSTK","D","NSE","4804.4000","3930.8500","2024-05-30 14:00:00","","6001"
"51028","INDUSINDBK-May2024-FUT","INDUSINDBK MAY FUT","","5.0000","500","FUTSTK","D","NSE","1562.3000","1278.2500","2024-05-30 14:00:00","","15001"
"51029","INDUSTOWER-May2024-FUT","INDUSTOWER MAY FUT","","5.0000","3400","FUTSTK","D","NSE","379.1000","310.1500","2024-05-30 14:00:00","","68001"
"51030","INFY-May2024-FUT","INFY MAY FUT","","5.0000","400","FUTSTK","D","NSE","1591.9500","1302.5000","2024-05-30 14:00:00","","16001"
"51031","IOC-May2024-FUT","IOC MAY FUT","","5.0000","4875","FUTSTK","D","NSE","181.3500","148.4000","2024-05-30 14:00:00","","146251"
"51032","IPCALAB-May2024-FUT","IPCALAB MAY FUT","","5.0000","650","FUTSTK","D","NSE","1445.8500","1183.0000","2024-05-30 14:00:00","","19501"
"51033","IRCTC-May2024-FUT","IRCTC MAY FUT","","5.0000","875","FUTSTK","D","NSE","1214.7500","993.9000","2024-05-30 14:00:00","","26251"
"51034","ITC-May2024-FUT","ITC MAY FUT","","5.0000","1600","FUTSTK","D","NSE","481.4000","393.8500","2024-05-30 14:00:00","","64001"
"51035","JINDALSTEL-May2024-FUT","JINDALSTEL MAY FUT","","5.0000","625","FUTSTK","D","NSE","1121.2500","917.4000","2024-05-30 14:00:00","","25001"
"51036","JKCEMENT-May2024-FUT","JKCEMENT MAY FUT","","5.0000","125","FUTSTK","D","NSE","4297.3500","3516.0000","2024-05-30 14:00:00","","6251"
"51037","JSWSTEEL-May2024-FUT","JSWSTEEL MAY FUT","","5.0000","675","FUTSTK","D","NSE","979.7500","801.6000","2024-05-30 14:00:00","","27001"
"51038","JUBLFOOD-May2024-FUT","JUBLFOOD MAY FUT","","5.0000","1250","FUTSTK","D","NSE","517.6500","423.5000","2024-05-30 14:00:00","","50001"
"51039","KOTAKBANK-May2024-FUT","KOTAKBANK MAY FUT","","5.0000","400","FUTSTK","D","NSE","1872.3500","1531.9000","2024-05-30 14:00:00","","16001"
"51041","LALPATHLAB-May2024-FUT","LALPATHLAB MAY FUT","","5.0000","300","FUTSTK","D","NSE","2802.1000","2292.6500","2024-05-30 14:00:00","","12001"
"51042","LAURUSLABS-May2024-FUT","LAURUSLABS MAY FUT","","5.0000","1700","FUTSTK","D","NSE","491.2500","401.9000","2024-05-30 14:00:00","","51001"
"51044","LICHSGFIN-May2024-FUT","LICHSGFIN MAY FUT","","5.0000","1000","FUTSTK","D","NSE","712.3500","582.8000","2024-05-30 14:00:00","","40001"
"51045","LT-May2024-FUT","LT MAY FUT","","5.0000","150","FUTSTK","D","NSE","3811.1000","3118.1500","2024-05-30 14:00:00","","6001"
"51050","LTIM-May2024-FUT","LTIM MAY FUT","","5.0000","150","FUTSTK","D","NSE","5237.3000","4285.0500","2024-05-30 14:00:00","","4501"
"51051","LTTS-May2024-FUT","LTTS MAY FUT","","5.0000","100","FUTSTK","D","NSE","4903.6000","4012.0500","2024-05-30 14:00:00","","5001"
"51052","LUPIN-May2024-FUT","LUPIN MAY FUT","","5.0000","425","FUTSTK","D","NSE","1823.4500","1491.9000","2024-05-30 14:00:00","","17001"
"51054","M&M-May2024-FUT","M&M MAY FUT","","5.0000","350","FUTSTK","D","NSE","2757.9000","2256.4500","2024-05-30 14:00:00","","10501"
"51055","M&MFIN-May2024-FUT","M&MFIN MAY FUT","","5.0000","2000","FUTSTK","D","NSE","289.1500","236.6000","2024-05-30 14:00:00","","80001"
"51056","MANAPPURAM-May2024-FUT","MANAPPURAM MAY FUT","","5.0000","3000","FUTSTK","D","NSE","197.7000","161.7500","2024-05-30 14:00:00","","120001"
"52310","MARICO-May2024-FUT","MARICO MAY FUT","","5.0000","1200","FUTSTK","D","NSE","653.7000","534.8500","2024-05-30 14:00:00","","48001"
"52354","MARUTI-May2024-FUT","MARUTI MAY FUT","","5.0000","50","FUTSTK","D","NSE","13894.9000","11368.5500","2024-05-30 14:00:00","","2001"
"52358","MCDOWELL-N-May2024-FUT","MCDOWELL-N MAY FUT","","5.0000","700","FUTSTK","D","NSE","1299.9000","1063.5500","2024-05-30 14:00:00","","21001"
"52359","MCX-May2024-FUT","MCX MAY FUT","","5.0000","200","FUTSTK","D","NSE","4467.8000","3655.4500","2024-05-30 14:00:00","","6001"
"52367","METROPOLIS-May2024-FUT","METROPOLIS MAY FUT","","5.0000","400","FUTSTK","D","NSE","2011.2000","1645.5500","2024-05-30 14:00:00","","12001"
"52375","MFSL-May2024-FUT","MFSL MAY FUT","","5.0000","800","FUTSTK","D","NSE","1132.4500","926.5500","2024-05-30 14:00:00","","24001"
"52595","MGL-May2024-FUT","MGL MAY FUT","","5.0000","400","FUTSTK","D","NSE","1450.3000","1186.6500","2024-05-30 14:00:00","","16001"
"52596","MOTHERSON-May2024-FUT","MOTHERSON MAY FUT","","5.0000","7100","FUTSTK","D","NSE","143.3000","117.2500","2024-05-30 14:00:00","","213001"
"52597","MPHASIS-May2024-FUT","MPHASIS MAY FUT","","5.0000","275","FUTSTK","D","NSE","2553.7500","2089.4000","2024-05-30 14:00:00","","11001"
"52598","MRF-May2024-FUT","MRF MAY FUT","","5.0000","5","FUTSTK","D","NSE","142214.0500","116356.9500","2024-05-30 14:00:00","","201"
"52665","MUTHOOTFIN-May2024-FUT","MUTHOOTFIN MAY FUT","","5.0000","550","FUTSTK","D","NSE","1880.4000","1538.5500","2024-05-30 14:00:00","","16501"
"52666","NATIONALUM-May2024-FUT","NATIONALUM MAY FUT","","5.0000","3750","FUTSTK","D","NSE","220.5500","180.4500","2024-05-30 14:00:00","","150001"
"52667","NAUKRI-May2024-FUT","NAUKRI MAY FUT","","5.0000","150","FUTSTK","D","NSE","6842.8500","5598.7000","2024-05-30 14:00:00","","4501"
"52668","NAVINFLUOR-May2024-FUT","NAVINFLUOR MAY FUT","","5.0000","150","FUTSTK","D","NSE","3788.5000","3099.6500","2024-05-30 14:00:00","","7001"
"52672","NESTLEIND-May2024-FUT","NESTLEIND MAY FUT","","5.0000","200","FUTSTK","D","NSE","2765.0500","2262.3000","2024-05-30 14:00:00","","10001"
"52673","NMDC-May2024-FUT","NMDC MAY FUT","","5.0000","4500","FUTSTK","D","NSE","307.7000","251.7500","2024-05-30 14:00:00","","90001"
"52838","NTPC-May2024-FUT","NTPC MAY FUT","","5.0000","1500","FUTSTK","D","NSE","403.0000","329.7500","2024-05-30 14:00:00","","75001"
"52839","OBEROIRLTY-May2024-FUT","OBEROIRLTY MAY FUT","","5.0000","700","FUTSTK","D","NSE","1918.3000","1569.5500","2024-05-30 14:00:00","","21001"
"52845","OFSS-May2024-FUT","OFSS MAY FUT","","5.0000","100","FUTSTK","D","NSE","8588.4000","7026.8500","2024-05-30 14:00:00","","3001"
"52846","ONGC-May2024-FUT","ONGC MAY FUT","","5.0000","1925","FUTSTK","D","NSE","306.8000","251.0500","2024-05-30 14:00:00","","77001"
"53012","PAGEIND-May2024-FUT","PAGEIND MAY FUT","","5.0000","15","FUTSTK","D","NSE","38728.4500","31686.9000","2024-05-30 14:00:00","","751"
"53071","PEL-May2024-FUT","PEL MAY FUT","","5.0000","750","FUTSTK","D","NSE","912.1500","746.3000","2024-05-30 14:00:00","","30001"
"54484","PERSISTENT-May2024-FUT","PERSISTENT MAY FUT","","5.0000","200","FUTSTK","D","NSE","3883.3000","3177.2500","2024-05-30 14:00:00","","6001"
"54485","PETRONET-May2024-FUT","PETRONET MAY FUT","","5.0000","3000","FUTSTK","D","NSE","345.8500","283.0000","2024-05-30 14:00:00","","90001"
"55059","PFC-May2024-FUT","PFC MAY FUT","","5.0000","3875","FUTSTK","D","NSE","513.6500","420.3000","2024-05-30 14:00:00","","52001"
"55060","PIDILITIND-May2024-FUT","PIDILITIND MAY FUT","","5.0000","250","FUTSTK","D","NSE","3326.0000","2721.2500","2024-05-30 14:00:00","","7501"
"56014","PIIND-May2024-FUT","PIIND MAY FUT","","5.0000","250","FUTSTK","D","NSE","3933.3000","3218.1500","2024-05-30 14:00:00","","7501"
"56015","PNB-May2024-FUT","PNB MAY FUT","","5.0000","8000","FUTSTK","D","NSE","139.1500","113.8500","2024-05-30 14:00:00","","160001"
"56016","POLYCAB-May2024-FUT","POLYCAB MAY FUT","","5.0000","100","FUTSTK","D","NSE","7171.7000","5867.7500","2024-05-30 14:00:00","","5001"
"56017","POWERGRID-May2024-FUT","POWERGRID MAY FUT","","5.0000","3600","FUTSTK","D","NSE","349.5000","285.9500","2024-05-30 14:00:00","","108001"
"56020","PVRINOX-May2024-FUT","PVRINOX MAY FUT","","5.0000","407","FUTSTK","D","NSE","1461.2000","1195.5500","2024-05-30 14:00:00","","16281"
"56021","RAMCOCEM-May2024-FUT","RAMCOCEM MAY FUT","","5.0000","850","FUTSTK","D","NSE","857.0500","701.2000","2024-05-30 14:00:00","","34001"
"56022","RBLBANK-May2024-FUT","RBLBANK MAY FUT","","5.0000","2500","FUTSTK","D","NSE","277.5500","227.1000","2024-05-30 14:00:00","","100001"
"56023","RECLTD-May2024-FUT","RECLTD MAY FUT","","5.0000","2000","FUTSTK","D","NSE","600.8500","491.6000","2024-05-30 14:00:00","","60001"
"56038","RELIANCE-May2024-FUT","RELIANCE MAY FUT","","5.0000","250","FUTSTK","D","NSE","3161.3500","2586.6000","2024-05-30 14:00:00","","7501"
"56039","SAIL-May2024-FUT","SAIL MAY FUT","","5.0000","4000","FUTSTK","D","NSE","186.5500","152.6000","2024-05-30 14:00:00","","160001"
"56044","SBICARD-May2024-FUT","SBICARD MAY FUT","","5.0000","800","FUTSTK","D","NSE","786.3000","643.3500","2024-05-30 14:00:00","","32001"
"56045","SBILIFE-May2024-FUT","SBILIFE MAY FUT","","5.0000","375","FUTSTK","D","NSE","1585.3000","1297.0500","2024-05-30 14:00:00","","15001"
"56387","SBIN-May2024-FUT","SBIN MAY FUT","","5.0000","750","FUTSTK","D","NSE","889.3000","727.6500","2024-05-30 14:00:00","","30001"
"56388","SHREECEM-May2024-FUT","SHREECEM MAY FUT","","5.0000","25","FUTSTK","D","NSE","28998.5000","23726.0500","2024-05-30 14:00:00","","1001"
"56389","SHRIRAMFIN-May2024-FUT","SHRIRAMFIN MAY FUT","","5.0000","300","FUTSTK","D","NSE","2608.0000","2133.8500","2024-05-30 14:00:00","","9001"
"56390","SIEMENS-May2024-FUT","SIEMENS MAY FUT","","5.0000","150","FUTSTK","D","NSE","7947.2500","6502.3000","2024-05-30 14:00:00","","4501"
"56391","SRF-May2024-FUT","SRF MAY FUT","","5.0000","375","FUTSTK","D","NSE","2498.3000","2044.0500","2024-05-30 14:00:00","","11251"
"56392","SUNPHARMA-May2024-FUT","SUNPHARMA MAY FUT","","5.0000","350","FUTSTK","D","NSE","1687.2500","1380.5000","2024-05-30 14:00:00","","14001"
"56393","SUNTV-May2024-FUT","SUNTV MAY FUT","","5.0000","1500","FUTSTK","D","NSE","742.9000","607.8500","2024-05-30 14:00:00","","45001"
"56394","SYNGENE-May2024-FUT","SYNGENE MAY FUT","","5.0000","1000","FUTSTK","D","NSE","758.6000","620.6500","2024-05-30 14:00:00","","30001"
"56395","TATACHEM-May2024-FUT","TATACHEM MAY FUT","","5.0000","550","FUTSTK","D","NSE","1190.3500","973.9000","2024-05-30 14:00:00","","22001"
"56396","TATACOMM-May2024-FUT","TATACOMM MAY FUT","","5.0000","500","FUTSTK","D","NSE","1987.0500","1625.8000","2024-05-30 14:00:00","","15001"
"56397","TATACONSUM-May2024-FUT","TATACONSUM MAY FUT","","5.0000","450","FUTSTK","D","NSE","1199.7500","981.6000","2024-05-30 14:00:00","","18001"
"56400","TATAMOTORS-May2024-FUT","TATAMOTORS MAY FUT","","5.0000","1425","FUTSTK","D","NSE","1050.2000","859.2500","2024-05-30 14:00:00","","22001"
"56401","TATAPOWER-May2024-FUT","TATAPOWER MAY FUT","","5.0000","3375","FUTSTK","D","NSE","487.2000","398.6500","2024-05-30 14:00:00","","54001"
"56402","TATASTEEL-May2024-FUT","TATASTEEL MAY FUT","","5.0000","5500","FUTSTK","D","NSE","184.7500","151.2000","2024-05-30 14:00:00","","165001"
"56403","TCS-May2024-FUT","TCS MAY FUT","","5.0000","175","FUTSTK","D","NSE","4238.3000","3467.7000","2024-05-30 14:00:00","","7001"
"56404","TECHM-May2024-FUT","TECHM MAY FUT","","5.0000","600","FUTSTK","D","NSE","1439.7000","1177.9500","2024-05-30 14:00:00","","18001"
"56405","TITAN-May2024-FUT","TITAN MAY FUT","","5.0000","175","FUTSTK","D","NSE","3700.4000","3027.6000","2024-05-30 14:00:00","","7001"
"56406","TORNTPHARM-May2024-FUT","TORNTPHARM MAY FUT","","5.0000","250","FUTSTK","D","NSE","2985.9000","2443.0500","2024-05-30 14:00:00","","10001"
"56407","TRENT-May2024-FUT","TRENT MAY FUT","","5.0000","200","FUTSTK","D","NSE","5111.3500","4182.0000","2024-05-30 14:00:00","","6001"
"56410","TVSMOTOR-May2024-FUT","TVSMOTOR MAY FUT","","5.0000","350","FUTSTK","D","NSE","2409.5500","1971.4500","2024-05-30 14:00:00","","10501"
"56411","UBL-May2024-FUT","UBL MAY FUT","","5.0000","400","FUTSTK","D","NSE","2108.6000","1725.2500","2024-05-30 14:00:00","","12001"
"56412","ULTRACEMCO-May2024-FUT","ULTRACEMCO MAY FUT","","5.0000","100","FUTSTK","D","NSE","10879.7500","8901.6000","2024-05-30 14:00:00","","3001"
"56413","UPL-May2024-FUT","UPL MAY FUT","","5.0000","1300","FUTSTK","D","NSE","564.6000","461.9500","2024-05-30 14:00:00","","52001"
"56414","VEDL-May2024-FUT","VEDL MAY FUT","","5.0000","2300","FUTSTK","D","NSE","506.1000","414.0500","2024-05-30 14:00:00","","69001"
"56415","VOLTAS-May2024-FUT","VOLTAS MAY FUT","","5.0000","600","FUTSTK","D","NSE","1431.2000","1170.9500","2024-05-30 14:00:00","","18001"
"56416","WIPRO-May2024-FUT","WIPRO MAY FUT","","5.0000","1500","FUTSTK","D","NSE","508.3500","415.9000","2024-05-30 14:00:00","","45001"
"56417","ZEEL-May2024-FUT","ZEEL MAY FUT","","5.0000","3000","FUTSTK","D","NSE","154.3500","126.3000","2024-05-30 14:00:00","","140001"
"56418","ZYDUSLIFE-May2024-FUT","ZYDUSLIFE MAY FUT","","5.0000","900","FUTSTK","D","NSE","1217.8500","996.4000","2024-05-30 14:00:00","","27001"
"35025","MIDCPNIFTY-Jun2024-FUT","MIDCPNIFTY JUN FUT","","5.0000","75","FUTIDX","D","NSE","12487.2000","10216.8000","2024-06-24 14:00:00","","4201"
"35152","FINNIFTY-Jun2024-FUT","FINNIFTY JUN FUT","","5.0000","40","FUTIDX","D","NSE","23831.9500","19498.9000","2024-06-25 14:00:00","","1801"
"35020","BANKNIFTY-Jun2024-FUT","BANKNIFTY JUN FUT","","5.0000","15","FUTIDX","D","NSE","53433.0000","43717.9500","2024-06-26 14:00:00","","901"
"35004","NIFTY-Jun2024-FUT","NIFTY JUN FUT","","5.0000","25","FUTIDX","D","NSE","24910.1500","20381.0000","2024-06-27 14:00:00","","1801"
"35005","AARTIIND-Jun2024-FUT","AARTIIND JUN FUT","","5.0000","1000","FUTSTK","D","NSE","699.8500","572.6000","2024-06-27 14:00:00","","30001"
"35028","ABB-Jun2024-FUT","ABB JUN FUT","","5.0000","125","FUTSTK","D","NSE","9301.9000","7610.6500","2024-06-27 14:00:00","","3751"
"35029","ABBOTINDIA-Jun2024-FUT","ABBOTINDIA JUN FUT","","5.0000","20","FUTSTK","D","NSE","29680.6000","24284.1500","2024-06-27 14:00:00","","1001"
"35030","ABCAPITAL-Jun2024-FUT","ABCAPITAL JUN FUT","","5.0000","5400","FUTSTK","D","NSE","246.9000","202.0500","2024-06-27 14:00:00","","108001"
"35031","ABFRL-Jun2024-FUT","ABFRL JUN FUT","","5.0000","2600","FUTSTK","D","NSE","293.5500","240.2000","2024-06-27 14:00:00","","104001"
"35047","ACC-Jun2024-FUT","ACC JUN FUT","","5.0000","300","FUTSTK","D","NSE","2787.0000","2280.2500","2024-06-27 14:00:00","","9001"
"35048","ADANIENT-Jun2024-FUT","ADANIENT JUN FUT","","5.0000","300","FUTSTK","D","NSE","3398.8000","2780.8500","2024-06-27 14:00:00","","9001"
"35074","ADANIPORTS-Jun2024-FUT","ADANIPORTS JUN FUT","","5.0000","400","FUTSTK","D","NSE","1480.4500","1211.3000","2024-06-27 14:00:00","","16001"
"35076","ALKEM-Jun2024-FUT","ALKEM JUN FUT","","5.0000","100","FUTSTK","D","NSE","6027.8500","4931.9000","2024-06-27 14:00:00","","5001"
"35200","AMBUJACEM-Jun2024-FUT","AMBUJACEM JUN FUT","","5.0000","900","FUTSTK","D","NSE","682.8000","558.6500","2024-06-27 14:00:00","","36001"
"35201","APOLLOHOSP-Jun2024-FUT","APOLLOHOSP JUN FUT","","5.0000","125","FUTSTK","D","NSE","6600.1000","5400.0500","2024-06-27 14:00:00","","3751"
"35203","APOLLOTYRE-Jun2024-FUT","APOLLOTYRE JUN FUT","","5.0000","1700","FUTSTK","D","NSE","536.9500","439.3000","2024-06-27 14:00:00","","51001"
"35210","ASHOKLEY-Jun2024-FUT","ASHOKLEY JUN FUT","","5.0000","5000","FUTSTK","D","NSE","233.3000","190.8500","2024-06-27 14:00:00","","150001"
"35213","ASIANPAINT-Jun2024-FUT","ASIANPAINT JUN FUT","","5.0000","200","FUTSTK","D","NSE","3097.2500","2534.1000","2024-06-27 14:00:00","","8001"
"35216","ASTRAL-Jun2024-FUT","ASTRAL JUN FUT","","5.0000","367","FUTSTK","D","NSE","2427.3500","1986.0000","2024-06-27 14:00:00","","11011"
"35223","ATUL-Jun2024-FUT","ATUL JUN FUT","","5.0000","75","FUTSTK","D","NSE","6623.2000","5418.9500","2024-06-27 14:00:00","","4001"
"35232","AUBANK-Jun2024-FUT","AUBANK JUN FUT","","5.0000","1000","FUTSTK","D","NSE","690.5500","565.0000","2024-06-27 14:00:00","","40001"
"36611","AUROPHARMA-Jun2024-FUT","AUROPHARMA JUN FUT","","5.0000","550","FUTSTK","D","NSE","1335.1500","1092.4000","2024-06-27 14:00:00","","22001"
"38079","AXISBANK-Jun2024-FUT","AXISBANK JUN FUT","","5.0000","625","FUTSTK","D","NSE","1267.4000","1036.9500","2024-06-27 14:00:00","","25001"
"38080","BAJAJ-AUTO-Jun2024-FUT","BAJAJ-AUTO JUN FUT","","5.0000","125","FUTSTK","D","NSE","9690.4000","7928.5500","2024-06-27 14:00:00","","3001"
"38411","BAJAJFINSV-Jun2024-FUT","BAJAJFINSV JUN FUT","","5.0000","500","FUTSTK","D","NSE","1759.6000","1439.6500","2024-06-27 14:00:00","","15001"
"38412","BAJFINANCE-Jun2024-FUT","BAJFINANCE JUN FUT","","5.0000","125","FUTSTK","D","NSE","7434.7500","6083.0000","2024-06-27 14:00:00","","3751"
"38605","BALKRISIND-Jun2024-FUT","BALKRISIND JUN FUT","","5.0000","300","FUTSTK","D","NSE","3085.3500","2524.4000","2024-06-27 14:00:00","","12001"
"38621","BALRAMCHIN-Jun2024-FUT","BALRAMCHIN JUN FUT","","5.0000","1600","FUTSTK","D","NSE","424.0000","346.9500","2024-06-27 14:00:00","","64001"
"39139","BANDHANBNK-Jun2024-FUT","BANDHANBNK JUN FUT","","5.0000","2500","FUTSTK","D","NSE","202.0000","165.2500","2024-06-27 14:00:00","","112001"
"39140","BANKBARODA-Jun2024-FUT","BANKBARODA JUN FUT","","5.0000","2925","FUTSTK","D","NSE","291.2000","238.2500","2024-06-27 14:00:00","","87751"
"39797","BATAINDIA-Jun2024-FUT","BATAINDIA JUN FUT","","5.0000","375","FUTSTK","D","NSE","1524.5000","1247.3500","2024-06-27 14:00:00","","18751"
"39798","BEL-Jun2024-FUT","BEL JUN FUT","","5.0000","2850","FUTSTK","D","NSE","286.5500","234.4500","2024-06-27 14:00:00","","114001"
"40394","BERGEPAINT-Jun2024-FUT","BERGEPAINT JUN FUT","","5.0000","1320","FUTSTK","D","NSE","533.4500","436.5000","2024-06-27 14:00:00","","39601"
"40395","BHARATFORG-Jun2024-FUT","BHARATFORG JUN FUT","","5.0000","500","FUTSTK","D","NSE","1652.1000","1351.7500","2024-06-27 14:00:00","","20001"
"40396","BHARTIARTL-Jun2024-FUT","BHARTIARTL JUN FUT","","5.0000","475","FUTSTK","D","NSE","1495.6500","1223.7000","2024-06-27 14:00:00","","19001"
"40402","BHEL-Jun2024-FUT","BHEL JUN FUT","","5.0000","2625","FUTSTK","D","NSE","344.7000","282.0500","2024-06-27 14:00:00","","78751"
"40404","BIOCON-Jun2024-FUT","BIOCON JUN FUT","","5.0000","2500","FUTSTK","D","NSE","337.7000","276.3000","2024-06-27 14:00:00","","75001"
"40405","BOSCHLTD-Jun2024-FUT","BOSCHLTD JUN FUT","","5.0000","25","FUTSTK","D","NSE","33658.3500","27538.6500","2024-06-27 14:00:00","","751"
"41222","BPCL-Jun2024-FUT","BPCL JUN FUT","","5.0000","900","FUTSTK","D","NSE","696.6000","569.9500","2024-06-27 14:00:00","","36001"
"41223","BRITANNIA-Jun2024-FUT","BRITANNIA JUN FUT","","5.0000","200","FUTSTK","D","NSE","5647.1500","4620.4000","2024-06-27 14:00:00","","6001"
"41230","BSOFT-Jun2024-FUT","BSOFT JUN FUT","","5.0000","1000","FUTSTK","D","NSE","681.0000","557.1500","2024-06-27 14:00:00","","30001"
"41235","CANBK-Jun2024-FUT","CANBK JUN FUT","","5.0000","6750","FUTSTK","D","NSE","126.7000","103.6500","2024-06-27 14:00:00","","202501"
"42084","CANFINHOME-Jun2024-FUT","CANFINHOME JUN FUT","","5.0000","975","FUTSTK","D","NSE","842.1500","689.0000","2024-06-27 14:00:00","","29251"
"42085","CHAMBLFERT-Jun2024-FUT","CHAMBLFERT JUN FUT","","5.0000","1900","FUTSTK","D","NSE","445.6000","364.5500","2024-06-27 14:00:00","","57001"
"42088","CHOLAFIN-Jun2024-FUT","CHOLAFIN JUN FUT","","5.0000","625","FUTSTK","D","NSE","1421.7000","1163.2500","2024-06-27 14:00:00","","18751"
"42089","CIPLA-Jun2024-FUT","CIPLA JUN FUT","","5.0000","650","FUTSTK","D","NSE","1554.8000","1272.1500","2024-06-27 14:00:00","","19501"
"42090","COALINDIA-Jun2024-FUT","COALINDIA JUN FUT","","5.0000","2100","FUTSTK","D","NSE","522.4500","427.5000","2024-06-27 14:00:00","","63001"
"42092","COFORGE-Jun2024-FUT","COFORGE JUN FUT","","5.0000","150","FUTSTK","D","NSE","5241.2500","4288.3000","2024-06-27 14:00:00","","4501"
"42099","COLPAL-Jun2024-FUT","COLPAL JUN FUT","","5.0000","350","FUTSTK","D","NSE","2936.5500","2402.6000","2024-06-27 14:00:00","","10501"
"42100","CONCOR-Jun2024-FUT","CONCOR JUN FUT","","5.0000","1000","FUTSTK","D","NSE","1218.7000","997.1500","2024-06-27 14:00:00","","30001"
"42101","COROMANDEL-Jun2024-FUT","COROMANDEL JUN FUT","","5.0000","700","FUTSTK","D","NSE","1375.5500","1125.4500","2024-06-27 14:00:00","","21001"
"42102","CROMPTON-Jun2024-FUT","CROMPTON JUN FUT","","5.0000","1800","FUTSTK","D","NSE","445.8500","364.8000","2024-06-27 14:00:00","","72001"
"42106","CUB-Jun2024-FUT","CUB JUN FUT","","5.0000","5000","FUTSTK","D","NSE","169.5500","138.7000","2024-06-27 14:00:00","","150001"
"42107","CUMMINSIND-Jun2024-FUT","CUMMINSIND JUN FUT","","5.0000","300","FUTSTK","D","NSE","4195.3000","3432.5500","2024-06-27 14:00:00","","9001"
"42111","DABUR-Jun2024-FUT","DABUR JUN FUT","","5.0000","1250","FUTSTK","D","NSE","597.9500","489.2000","2024-06-27 14:00:00","","50001"
"42112","DALBHARAT-Jun2024-FUT","DALBHARAT JUN FUT","","5.0000","250","FUTSTK","D","NSE","2014.0000","1647.8500","2024-06-27 14:00:00","","11001"
"42113","DEEPAKNTR-Jun2024-FUT","DEEPAKNTR JUN FUT","","5.0000","300","FUTSTK","D","NSE","2801.8500","2292.4000","2024-06-27 14:00:00","","9001"
"42114","DIVISLAB-Jun2024-FUT","DIVISLAB JUN FUT","","5.0000","200","FUTSTK","D","NSE","4361.4500","3568.5000","2024-06-27 14:00:00","","6001"
"42116","DIXON-Jun2024-FUT","DIXON JUN FUT","","5.0000","100","FUTSTK","D","NSE","9912.5500","8110.3000","2024-06-27 14:00:00","","3001"
"42117","DLF-Jun2024-FUT","DLF JUN FUT","","5.0000","825","FUTSTK","D","NSE","945.8500","773.9000","2024-06-27 14:00:00","","24751"
"42118","DRREDDY-Jun2024-FUT","DRREDDY JUN FUT","","5.0000","125","FUTSTK","D","NSE","6444.4500","5272.7000","2024-06-27 14:00:00","","3751"
"42119","EICHERMOT-Jun2024-FUT","EICHERMOT JUN FUT","","5.0000","175","FUTSTK","D","NSE","5202.2000","4256.3500","2024-06-27 14:00:00","","5251"
"42120","ESCORTS-Jun2024-FUT","ESCORTS JUN FUT","","5.0000","275","FUTSTK","D","NSE","4324.4000","3538.1500","2024-06-27 14:00:00","","8251"
"42122","EXIDEIND-Jun2024-FUT","EXIDEIND JUN FUT","","5.0000","1800","FUTSTK","D","NSE","529.0000","432.8500","2024-06-27 14:00:00","","54001"
"42124","FEDERALBNK-Jun2024-FUT","FEDERALBNK JUN FUT","","5.0000","5000","FUTSTK","D","NSE","181.6000","148.5500","2024-06-27 14:00:00","","150001"
"42126","GAIL-Jun2024-FUT","GAIL JUN FUT","","5.0000","4575","FUTSTK","D","NSE","232.0500","189.9000","2024-06-27 14:00:00","","137251"
"42127","GLENMARK-Jun2024-FUT","GLENMARK JUN FUT","","5.0000","725","FUTSTK","D","NSE","1160.3000","949.3500","2024-06-27 14:00:00","","21751"
"42130","GMRINFRA-Jun2024-FUT","GMRINFRA JUN FUT","","5.0000","11250","FUTSTK","D","NSE","95.4000","78.0500","2024-06-27 14:00:00","","337501"
"42131","GNFC-Jun2024-FUT","GNFC JUN FUT","","5.0000","1300","FUTSTK","D","NSE","742.6000","607.5500","2024-06-27 14:00:00","","39001"
"42135","GODREJCP-Jun2024-FUT","GODREJCP JUN FUT","","5.0000","500","FUTSTK","D","NSE","1443.0000","1180.6500","2024-06-27 14:00:00","","20001"
"42145","GODREJPROP-Jun2024-FUT","GODREJPROP JUN FUT","","5.0000","475","FUTSTK","D","NSE","3172.0000","2595.2500","2024-06-27 14:00:00","","9001"
"42146","GRANULES-Jun2024-FUT","GRANULES JUN FUT","","5.0000","2000","FUTSTK","D","NSE","451.1000","369.0500","2024-06-27 14:00:00","","60001"
"42148","GRASIM-Jun2024-FUT","GRASIM JUN FUT","","5.0000","477","FUTSTK","D","NSE","2697.8500","2207.3000","2024-06-27 14:00:00","","10001"
"42149","GUJGASLTD-Jun2024-FUT","GUJGASLTD JUN FUT","","5.0000","1250","FUTSTK","D","NSE","609.3500","498.6000","2024-06-27 14:00:00","","50001"
"42470","HAL-Jun2024-FUT","HAL JUN FUT","","5.0000","300","FUTSTK","D","NSE","5248.7500","4294.4000","2024-06-27 14:00:00","","6001"
"42471","HAVELLS-Jun2024-FUT","HAVELLS JUN FUT","","5.0000","500","FUTSTK","D","NSE","2017.1000","1650.3500","2024-06-27 14:00:00","","15001"
"42826","HCLTECH-Jun2024-FUT","HCLTECH JUN FUT","","5.0000","350","FUTSTK","D","NSE","1483.0500","1213.4000","2024-06-27 14:00:00","","14001"
"42834","HDFCAMC-Jun2024-FUT","HDFCAMC JUN FUT","","5.0000","150","FUTSTK","D","NSE","4134.8500","3383.1000","2024-06-27 14:00:00","","6001"
"44191","HDFCBANK-Jun2024-FUT","HDFCBANK JUN FUT","","5.0000","550","FUTSTK","D","NSE","1628.1000","1332.0500","2024-06-27 14:00:00","","16501"
"44192","HDFCLIFE-Jun2024-FUT","HDFCLIFE JUN FUT","","5.0000","1100","FUTSTK","D","NSE","630.0500","515.5000","2024-06-27 14:00:00","","44001"
"44193","HEROMOTOCO-Jun2024-FUT","HEROMOTOCO JUN FUT","","5.0000","150","FUTSTK","D","NSE","5667.3500","4636.9000","2024-06-27 14:00:00","","6001"
"44194","HINDALCO-Jun2024-FUT","HINDALCO JUN FUT","","5.0000","1400","FUTSTK","D","NSE","732.4000","599.2500","2024-06-27 14:00:00","","42001"
"45185","HINDCOPPER-Jun2024-FUT","HINDCOPPER JUN FUT","","5.0000","2650","FUTSTK","D","NSE","432.1000","353.5500","2024-06-27 14:00:00","","79501"
"45186","HINDPETRO-Jun2024-FUT","HINDPETRO JUN FUT","","5.0000","1350","FUTSTK","D","NSE","559.8000","458.0500","2024-06-27 14:00:00","","54001"
"47839","HINDUNILVR-Jun2024-FUT","HINDUNILVR JUN FUT","","5.0000","300","FUTSTK","D","NSE","2555.0500","2090.5000","2024-06-27 14:00:00","","12001"
"47840","ICICIBANK-Jun2024-FUT","ICICIBANK JUN FUT","","5.0000","700","FUTSTK","D","NSE","1253.0000","1025.1500","2024-06-27 14:00:00","","21001"
"49149","ICICIGI-Jun2024-FUT","ICICIGI JUN FUT","","5.0000","500","FUTSTK","D","NSE","1856.5000","1518.9500","2024-06-27 14:00:00","","15001"
"49150","ICICIPRULI-Jun2024-FUT","ICICIPRULI JUN FUT","","5.0000","1500","FUTSTK","D","NSE","645.8000","528.3500","2024-06-27 14:00:00","","45001"
"49151","IDEA-Jun2024-FUT","IDEA JUN FUT","","5.0000","40000","FUTSTK","D","NSE","14.8000","12.1500","2024-06-27 14:00:00","","1600001"
"49152","IDFC-Jun2024-FUT","IDFC JUN FUT","","5.0000","5000","FUTSTK","D","NSE","127.3000","104.1500","2024-06-27 14:00:00","","200001"
"51859","IDFCFIRSTB-Jun2024-FUT","IDFCFIRSTB JUN FUT","","5.0000","7500","FUTSTK","D","NSE","85.6500","70.1000","2024-06-27 14:00:00","","300001"
"51860","IEX-Jun2024-FUT","IEX JUN FUT","","5.0000","3750","FUTSTK","D","NSE","174.3000","142.6500","2024-06-27 14:00:00","","150001"
"51866","IGL-Jun2024-FUT","IGL JUN FUT","","5.0000","1375","FUTSTK","D","NSE","482.2500","394.6000","2024-06-27 14:00:00","","55001"
"51868","INDHOTEL-Jun2024-FUT","INDHOTEL JUN FUT","","5.0000","1000","FUTSTK","D","NSE","632.3500","517.4000","2024-06-27 14:00:00","","40001"
"51869","INDIACEM-Jun2024-FUT","INDIACEM JUN FUT","","5.0000","2900","FUTSTK","D","NSE","235.9500","193.0500","2024-06-27 14:00:00","","116001"
"51871","INDIAMART-Jun2024-FUT","INDIAMART JUN FUT","","5.0000","300","FUTSTK","D","NSE","2847.1500","2329.5000","2024-06-27 14:00:00","","9001"
"51874","INDIGO-Jun2024-FUT","INDIGO JUN FUT","","5.0000","300","FUTSTK","D","NSE","4836.9500","3957.5000","2024-06-27 14:00:00","","6001"
"51878","INDUSINDBK-Jun2024-FUT","INDUSINDBK JUN FUT","","5.0000","500","FUTSTK","D","NSE","1572.8500","1286.9000","2024-06-27 14:00:00","","15001"
"52166","INDUSTOWER-Jun2024-FUT","INDUSTOWER JUN FUT","","5.0000","3400","FUTSTK","D","NSE","379.9000","310.8500","2024-06-27 14:00:00","","68001"
"52168","INFY-Jun2024-FUT","INFY JUN FUT","","5.0000","400","FUTSTK","D","NSE","1572.7500","1286.8000","2024-06-27 14:00:00","","16001"
"52169","IOC-Jun2024-FUT","IOC JUN FUT","","5.0000","4875","FUTSTK","D","NSE","182.8000","149.5500","2024-06-27 14:00:00","","146251"
"52170","IPCALAB-Jun2024-FUT","IPCALAB JUN FUT","","5.0000","650","FUTSTK","D","NSE","1448.1000","1184.8500","2024-06-27 14:00:00","","19501"
"52177","IRCTC-Jun2024-FUT","IRCTC JUN FUT","","5.0000","875","FUTSTK","D","NSE","1223.9500","1001.4000","2024-06-27 14:00:00","","26251"
"52178","ITC-Jun2024-FUT","ITC JUN FUT","","5.0000","1600","FUTSTK","D","NSE","478.9500","391.9000","2024-06-27 14:00:00","","64001"
"52181","JINDALSTEL-Jun2024-FUT","JINDALSTEL JUN FUT","","5.0000","625","FUTSTK","D","NSE","1128.0000","922.9500","2024-06-27 14:00:00","","25001"
"52182","JKCEMENT-Jun2024-FUT","JKCEMENT JUN FUT","","5.0000","125","FUTSTK","D","NSE","4328.6500","3541.6000","2024-06-27 14:00:00","","6251"
"52188","JSWSTEEL-Jun2024-FUT","JSWSTEEL JUN FUT","","5.0000","675","FUTSTK","D","NSE","986.2500","806.9000","2024-06-27 14:00:00","","27001"
"52189","JUBLFOOD-Jun2024-FUT","JUBLFOOD JUN FUT","","5.0000","1250","FUTSTK","D","NSE","516.7000","422.7500","2024-06-27 14:00:00","","50001"
"52194","KOTAKBANK-Jun2024-FUT","KOTAKBANK JUN FUT","","5.0000","400","FUTSTK","D","NSE","1884.3000","1541.7000","2024-06-27 14:00:00","","16001"
"52208","LALPATHLAB-Jun2024-FUT","LALPATHLAB JUN FUT","","5.0000","300","FUTSTK","D","NSE","2816.6500","2304.5000","2024-06-27 14:00:00","","12001"
"52209","LAURUSLABS-Jun2024-FUT","LAURUSLABS JUN FUT","","5.0000","1700","FUTSTK","D","NSE","492.6000","403.0500","2024-06-27 14:00:00","","51001"
"52212","LICHSGFIN-Jun2024-FUT","LICHSGFIN JUN FUT","","5.0000","1000","FUTSTK","D","NSE","717.3500","586.9000","2024-06-27 14:00:00","","40001"
"52213","LT-Jun2024-FUT","LT JUN FUT","","5.0000","150","FUTSTK","D","NSE","3807.1000","3114.9000","2024-06-27 14:00:00","","6001"
"52215","LTIM-Jun2024-FUT","LTIM JUN FUT","","5.0000","150","FUTSTK","D","NSE","5256.2000","4300.5500","2024-06-27 14:00:00","","4501"
"52216","LTTS-Jun2024-FUT","LTTS JUN FUT","","5.0000","100","FUTSTK","D","NSE","4873.2500","3987.2000","2024-06-27 14:00:00","","5001"
"52217","LUPIN-Jun2024-FUT","LUPIN JUN FUT","","5.0000","425","FUTSTK","D","NSE","1828.6000","1496.1500","2024-06-27 14:00:00","","17001"
"52218","M&M-Jun2024-FUT","M&M JUN FUT","","5.0000","350","FUTSTK","D","NSE","2773.8500","2269.5000","2024-06-27 14:00:00","","10501"
"52219","M&MFIN-Jun2024-FUT","M&MFIN JUN FUT","","5.0000","2000","FUTSTK","D","NSE","287.0000","234.8500","2024-06-27 14:00:00","","80001"
"52221","MANAPPURAM-Jun2024-FUT","MANAPPURAM JUN FUT","","5.0000","3000","FUTSTK","D","NSE","198.3500","162.3000","2024-06-27 14:00:00","","120001"
"52231","MARICO-Jun2024-FUT","MARICO JUN FUT","","5.0000","1200","FUTSTK","D","NSE","657.3500","537.8000","2024-06-27 14:00:00","","48001"
"52232","MARUTI-Jun2024-FUT","MARUTI JUN FUT","","5.0000","50","FUTSTK","D","NSE","13993.0500","11448.9000","2024-06-27 14:00:00","","2001"
"52236","MCDOWELL-N-Jun2024-FUT","MCDOWELL-N JUN FUT","","5.0000","700","FUTSTK","D","NSE","1309.6500","1071.5000","2024-06-27 14:00:00","","21001"
"52237","MCX-Jun2024-FUT","MCX JUN FUT","","5.0000","200","FUTSTK","D","NSE","4501.0500","3682.7000","2024-06-27 14:00:00","","6001"
"52238","METROPOLIS-Jun2024-FUT","METROPOLIS JUN FUT","","5.0000","400","FUTSTK","D","NSE","1977.9000","1618.2500","2024-06-27 14:00:00","","12001"
"52239","MFSL-Jun2024-FUT","MFSL JUN FUT","","5.0000","800","FUTSTK","D","NSE","1139.0500","931.9500","2024-06-27 14:00:00","","24001"
"52242","MGL-Jun2024-FUT","MGL JUN FUT","","5.0000","400","FUTSTK","D","NSE","1462.0500","1196.2000","2024-06-27 14:00:00","","16001"
"52243","MOTHERSON-Jun2024-FUT","MOTHERSON JUN FUT","","5.0000","7100","FUTSTK","D","NSE","144.3000","118.0500","2024-06-27 14:00:00","","213001"
"52244","MPHASIS-Jun2024-FUT","MPHASIS JUN FUT","","5.0000","275","FUTSTK","D","NSE","2571.7000","2104.1500","2024-06-27 14:00:00","","11001"
"52245","MRF-Jun2024-FUT","MRF JUN FUT","","5.0000","5","FUTSTK","D","NSE","142119.8000","116279.8500","2024-06-27 14:00:00","","201"
"52254","MUTHOOTFIN-Jun2024-FUT","MUTHOOTFIN JUN FUT","","5.0000","550","FUTSTK","D","NSE","1853.1500","1516.2000","2024-06-27 14:00:00","","16501"
"52255","NATIONALUM-Jun2024-FUT","NATIONALUM JUN FUT","","5.0000","3750","FUTSTK","D","NSE","221.9500","181.6000","2024-06-27 14:00:00","","150001"
"52264","NAUKRI-Jun2024-FUT","NAUKRI JUN FUT","","5.0000","150","FUTSTK","D","NSE","6883.7000","5632.1500","2024-06-27 14:00:00","","4501"
"52265","NAVINFLUOR-Jun2024-FUT","NAVINFLUOR JUN FUT","","5.0000","150","FUTSTK","D","NSE","3808.6000","3116.1500","2024-06-27 14:00:00","","7001"
"52349","NESTLEIND-Jun2024-FUT","NESTLEIND JUN FUT","","5.0000","200","FUTSTK","D","NSE","2780.9500","2275.3000","2024-06-27 14:00:00","","10001"
"52350","NMDC-Jun2024-FUT","NMDC JUN FUT","","5.0000","4500","FUTSTK","D","NSE","309.3000","253.0500","2024-06-27 14:00:00","","90001"
"55865","NTPC-Jun2024-FUT","NTPC JUN FUT","","5.0000","1500","FUTSTK","D","NSE","405.8500","332.1000","2024-06-27 14:00:00","","75001"
"55866","OBEROIRLTY-Jun2024-FUT","OBEROIRLTY JUN FUT","","5.0000","700","FUTSTK","D","NSE","1927.3000","1576.8500","2024-06-27 14:00:00","","21001"
"58853","OFSS-Jun2024-FUT","OFSS JUN FUT","","5.0000","100","FUTSTK","D","NSE","8657.3000","7083.2500","2024-06-27 14:00:00","","3001"
"58854","ONGC-Jun2024-FUT","ONGC JUN FUT","","5.0000","1925","FUTSTK","D","NSE","309.1000","252.9000","2024-06-27 14:00:00","","77001"
"58865","PAGEIND-Jun2024-FUT","PAGEIND JUN FUT","","5.0000","15","FUTSTK","D","NSE","38604.9500","31585.9000","2024-06-27 14:00:00","","751"
"58866","PEL-Jun2024-FUT","PEL JUN FUT","","5.0000","750","FUTSTK","D","NSE","918.9000","751.8500","2024-06-27 14:00:00","","30001"
"58874","PERSISTENT-Jun2024-FUT","PERSISTENT JUN FUT","","5.0000","200","FUTSTK","D","NSE","3899.6500","3190.6000","2024-06-27 14:00:00","","6001"
"58876","PETRONET-Jun2024-FUT","PETRONET JUN FUT","","5.0000","3000","FUTSTK","D","NSE","347.8000","284.5500","2024-06-27 14:00:00","","90001"
"58877","PFC-Jun2024-FUT","PFC JUN FUT","","5.0000","3875","FUTSTK","D","NSE","515.0500","421.4000","2024-06-27 14:00:00","","52001"
"58878","PIDILITIND-Jun2024-FUT","PIDILITIND JUN FUT","","5.0000","250","FUTSTK","D","NSE","3342.9000","2735.1000","2024-06-27 14:00:00","","7501"
"58887","PIIND-Jun2024-FUT","PIIND JUN FUT","","5.0000","250","FUTSTK","D","NSE","3964.5500","3243.7000","2024-06-27 14:00:00","","7501"
"58888","PNB-Jun2024-FUT","PNB JUN FUT","","5.0000","8000","FUTSTK","D","NSE","138.5500","113.4000","2024-06-27 14:00:00","","160001"
"58893","POLYCAB-Jun2024-FUT","POLYCAB JUN FUT","","5.0000","100","FUTSTK","D","NSE","7200.3500","5891.2000","2024-06-27 14:00:00","","5001"
"58894","POWERGRID-Jun2024-FUT","POWERGRID JUN FUT","","5.0000","3600","FUTSTK","D","NSE","351.7500","287.8000","2024-06-27 14:00:00","","108001"
"58899","PVRINOX-Jun2024-FUT","PVRINOX JUN FUT","","5.0000","407","FUTSTK","D","NSE","1472.9000","1205.1000","2024-06-27 14:00:00","","16281"
"58900","RAMCOCEM-Jun2024-FUT","RAMCOCEM JUN FUT","","5.0000","850","FUTSTK","D","NSE","863.0500","706.1000","2024-06-27 14:00:00","","34001"
"58901","RBLBANK-Jun2024-FUT","RBLBANK JUN FUT","","5.0000","2500","FUTSTK","D","NSE","279.3000","228.5500","2024-06-27 14:00:00","","100001"
"58902","RECLTD-Jun2024-FUT","RECLTD JUN FUT","","5.0000","2000","FUTSTK","D","NSE","603.4500","493.7000","2024-06-27 14:00:00","","60001"
"58903","RELIANCE-Jun2024-FUT","RELIANCE JUN FUT","","5.0000","250","FUTSTK","D","NSE","3181.2000","2602.8000","2024-06-27 14:00:00","","7501"
"58904","SAIL-Jun2024-FUT","SAIL JUN FUT","","5.0000","4000","FUTSTK","D","NSE","188.1000","153.9000","2024-06-27 14:00:00","","160001"
"58905","SBICARD-Jun2024-FUT","SBICARD JUN FUT","","5.0000","800","FUTSTK","D","NSE","789.4000","645.8500","2024-06-27 14:00:00","","32001"
"58906","SBILIFE-Jun2024-FUT","SBILIFE JUN FUT","","5.0000","375","FUTSTK","D","NSE","1596.1000","1305.9000","2024-06-27 14:00:00","","15001"
"61363","SBIN-Jun2024-FUT","SBIN JUN FUT","","5.0000","750","FUTSTK","D","NSE","895.5500","732.7000","2024-06-27 14:00:00","","30001"
"61367","SHREECEM-Jun2024-FUT","SHREECEM JUN FUT","","5.0000","25","FUTSTK","D","NSE","29176.4000","23871.6000","2024-06-27 14:00:00","","1001"
"63862","SHRIRAMFIN-Jun2024-FUT","SHRIRAMFIN JUN FUT","","5.0000","300","FUTSTK","D","NSE","2625.3000","2147.9500","2024-06-27 14:00:00","","9001"
"63863","SIEMENS-Jun2024-FUT","SIEMENS JUN FUT","","5.0000","150","FUTSTK","D","NSE","7992.1500","6539.0000","2024-06-27 14:00:00","","4501"
"63864","SRF-Jun2024-FUT","SRF JUN FUT","","5.0000","375","FUTSTK","D","NSE","2519.1000","2061.0500","2024-06-27 14:00:00","","11251"
"63865","SUNPHARMA-Jun2024-FUT","SUNPHARMA JUN FUT","","5.0000","350","FUTSTK","D","NSE","1700.0000","1390.9500","2024-06-27 14:00:00","","14001"
"63866","SUNTV-Jun2024-FUT","SUNTV JUN FUT","","5.0000","1500","FUTSTK","D","NSE","745.4000","609.8500","2024-06-27 14:00:00","","45001"
"63867","SYNGENE-Jun2024-FUT","SYNGENE JUN FUT","","5.0000","1000","FUTSTK","D","NSE","762.6500","624.0000","2024-06-27 14:00:00","","30001"
"63868","TATACHEM-Jun2024-FUT","TATACHEM JUN FUT","","5.0000","550","FUTSTK","D","NSE","1168.2000","955.8000","2024-06-27 14:00:00","","22001"
"63869","TATACOMM-Jun2024-FUT","TATACOMM JUN FUT","","5.0000","500","FUTSTK","D","NSE","1992.2500","1630.0000","2024-06-27 14:00:00","","15001"
"63870","TATACONSUM-Jun2024-FUT","TATACONSUM JUN FUT","","5.0000","450","FUTSTK","D","NSE","1207.9000","988.2500","2024-06-27 14:00:00","","18001"
"63871","TATAMOTORS-Jun2024-FUT","TATAMOTORS JUN FUT","","5.0000","1425","FUTSTK","D","NSE","1051.7000","860.4500","2024-06-27 14:00:00","","22001"
"63872","TATAPOWER-Jun2024-FUT","TATAPOWER JUN FUT","","5.0000","3375","FUTSTK","D","NSE","490.3500","401.2000","2024-06-27 14:00:00","","54001"
"63873","TATASTEEL-Jun2024-FUT","TATASTEEL JUN FUT","","5.0000","5500","FUTSTK","D","NSE","185.6000","151.8500","2024-06-27 14:00:00","","165001"
"63874","TCS-Jun2024-FUT","TCS JUN FUT","","5.0000","175","FUTSTK","D","NSE","4268.3000","3492.2500","2024-06-27 14:00:00","","7001"
"63875","TECHM-Jun2024-FUT","TECHM JUN FUT","","5.0000","600","FUTSTK","D","NSE","1449.2500","1185.7500","2024-06-27 14:00:00","","18001"
"63876","TITAN-Jun2024-FUT","TITAN JUN FUT","","5.0000","175","FUTSTK","D","NSE","3722.3500","3045.6000","2024-06-27 14:00:00","","7001"
"63877","TORNTPHARM-Jun2024-FUT","TORNTPHARM JUN FUT","","5.0000","250","FUTSTK","D","NSE","3001.5500","2455.8000","2024-06-27 14:00:00","","10001"
"63878","TRENT-Jun2024-FUT","TRENT JUN FUT","","5.0000","200","FUTSTK","D","NSE","5147.6500","4211.7000","2024-06-27 14:00:00","","6001"
"63879","TVSMOTOR-Jun2024-FUT","TVSMOTOR JUN FUT","","5.0000","350","FUTSTK","D","NSE","2424.9000","1984.0500","2024-06-27 14:00:00","","10501"
"63880","UBL-Jun2024-FUT","UBL JUN FUT","","5.0000","400","FUTSTK","D","NSE","2097.6500","1716.3000","2024-06-27 14:00:00","","12001"
"63881","ULTRACEMCO-Jun2024-FUT","ULTRACEMCO JUN FUT","","5.0000","100","FUTSTK","D","NSE","10942.5500","8953.0000","2024-06-27 14:00:00","","3001"
"63882","UPL-Jun2024-FUT","UPL JUN FUT","","5.0000","1300","FUTSTK","D","NSE","567.7500","464.5000","2024-06-27 14:00:00","","52001"
"63883","VEDL-Jun2024-FUT","VEDL JUN FUT","","5.0000","2300","FUTSTK","D","NSE","509.1500","416.6000","2024-06-27 14:00:00","","69001"
"63884","VOLTAS-Jun2024-FUT","VOLTAS JUN FUT","","5.0000","600","FUTSTK","D","NSE","1434.5500","1173.7000","2024-06-27 14:00:00","","18001"
"63885","WIPRO-Jun2024-FUT","WIPRO JUN FUT","","5.0000","1500","FUTSTK","D","NSE","510.8000","417.9500","2024-06-27 14:00:00","","45001"
"63886","ZEEL-Jun2024-FUT","ZEEL JUN FUT","","5.0000","3000","FUTSTK","D","NSE","155.8500","127.5000","2024-06-27 14:00:00","","140001"
"63887","ZYDUSLIFE-Jun2024-FUT","ZYDUSLIFE JUN FUT","","5.0000","900","FUTSTK","D","NSE","1225.3000","1002.5500","2024-06-27 14:00:00","","27001"
"48576","171NSETEST-Nov2036-FUT","171NSETEST NOV FUT","","5.0000","50","FUTSTK","D","NSE","220.0000","180.0000","2036-11-27 14:00:00","","100001"
"48577","181NSETEST-Nov2036-FUT","181NSETEST NOV FUT","","5.0000","50","FUTSTK","D","NSE","220.0000","180.0000","2036-11-27 14:00:00","","100001"
"51040","LTF-May2024-FUT","LTF MAY FUT","","5.0000","4462","FUTSTK","D","NSE","176.9000","144.7500","2024-05-30 14:00:00","","133861"
"52195","LTF-Jun2024-FUT","LTF JUN FUT","","5.0000","4462","FUTSTK","D","NSE","177.7500","145.4000","2024-06-27 14:00:00","","133861"
"35236","NIFTYNXT50-May2024-FUT","NIFTYNXT50 MAY FUT","","5.0000","10","FUTIDX","D","NSE","74086.0000","60615.8500","2024-05-31 14:00:00","","601"
"35238","NIFTYNXT50-Jun2024-FUT","NIFTYNXT50 JUN FUT","","5.0000","10","FUTIDX","D","NSE","74284.9000","60778.5500","2024-06-28 14:00:00","","601"
"35239","NIFTYNXT50-Jul2024-FUT","NIFTYNXT50 JUL FUT","","5.0000","10","FUTIDX","D","NSE","75456.9000","61737.4500","2024-07-26 14:00:00","","601"
"35165","BANKNIFTY-Jul2024-FUT","BANKNIFTY JUL FUT","","5.0000","15","FUTIDX","D","NSE","53781.3000","44002.8500","2024-07-31 14:00:00","","901"
"35007","NIFTY-Jul2024-FUT","NIFTY JUL FUT","","5.0000","25","FUTIDX","D","NSE","25045.3500","20491.6500","2024-07-25 14:00:00","","1801"
"35012","AARTIIND-Jul2024-FUT","AARTIIND JUL FUT","","5.0000","1000","FUTSTK","D","NSE","705.6500","577.3500","2024-07-25 14:00:00","","30001"
"35013","ABB-Jul2024-FUT","ABB JUL FUT","","5.0000","125","FUTSTK","D","NSE","9350.0000","7650.0000","2024-07-25 14:00:00","","3751"
"35014","ABBOTINDIA-Jul2024-FUT","ABBOTINDIA JUL FUT","","5.0000","20","FUTSTK","D","NSE","29723.6500","24319.3500","2024-07-25 14:00:00","","1001"
"35015","ABCAPITAL-Jul2024-FUT","ABCAPITAL JUL FUT","","5.0000","5400","FUTSTK","D","NSE","248.3000","203.1500","2024-07-25 14:00:00","","108001"
"35016","ABFRL-Jul2024-FUT","ABFRL JUL FUT","","5.0000","2600","FUTSTK","D","NSE","294.5000","240.9500","2024-07-25 14:00:00","","104001"
"35017","ACC-Jul2024-FUT","ACC JUL FUT","","5.0000","300","FUTSTK","D","NSE","2805.0000","2295.0000","2024-07-25 14:00:00","","9001"
"35018","ADANIENT-Jul2024-FUT","ADANIENT JUL FUT","","5.0000","300","FUTSTK","D","NSE","3426.0500","2803.1000","2024-07-25 14:00:00","","9001"
"35019","ADANIPORTS-Jul2024-FUT","ADANIPORTS JUL FUT","","5.0000","400","FUTSTK","D","NSE","1494.3000","1222.6500","2024-07-25 14:00:00","","16001"
"35026","ALKEM-Jul2024-FUT","ALKEM JUL FUT","","5.0000","100","FUTSTK","D","NSE","6064.1000","4961.5500","2024-07-25 14:00:00","","5001"
"35027","AMBUJACEM-Jul2024-FUT","AMBUJACEM JUL FUT","","5.0000","900","FUTSTK","D","NSE","690.2500","564.7500","2024-07-25 14:00:00","","36001"
"35032","APOLLOHOSP-Jul2024-FUT","APOLLOHOSP JUL FUT","","5.0000","125","FUTSTK","D","NSE","6608.4500","5406.9000","2024-07-25 14:00:00","","3751"
"35033","APOLLOTYRE-Jul2024-FUT","APOLLOTYRE JUL FUT","","5.0000","1700","FUTSTK","D","NSE","549.3000","449.4500","2024-07-25 14:00:00","","51001"
"35050","ASHOKLEY-Jul2024-FUT","ASHOKLEY JUL FUT","","5.0000","5000","FUTSTK","D","NSE","234.3000","191.7000","2024-07-25 14:00:00","","150001"
"35142","ASIANPAINT-Jul2024-FUT","ASIANPAINT JUL FUT","","5.0000","200","FUTSTK","D","NSE","3117.1500","2550.4000","2024-07-25 14:00:00","","8001"
"35143","ASTRAL-Jul2024-FUT","ASTRAL JUL FUT","","5.0000","367","FUTSTK","D","NSE","2442.4500","1998.4000","2024-07-25 14:00:00","","11011"
"35185","ATUL-Jul2024-FUT","ATUL JUL FUT","","5.0000","100","FUTSTK","D","NSE","6626.9000","5422.0500","2024-07-25 14:00:00","","4001"
"35190","AUBANK-Jul2024-FUT","AUBANK JUL FUT","","5.0000","1000","FUTSTK","D","NSE","691.6500","565.9000","2024-07-25 14:00:00","","40001"
"35191","AUROPHARMA-Jul2024-FUT","AUROPHARMA JUL FUT","","5.0000","550","FUTSTK","D","NSE","1341.9000","1097.9500","2024-07-25 14:00:00","","22001"
"35192","AXISBANK-Jul2024-FUT","AXISBANK JUL FUT","","5.0000","625","FUTSTK","D","NSE","1275.3000","1043.4500","2024-07-25 14:00:00","","25001"
"35193","BAJAJ-AUTO-Jul2024-FUT","BAJAJ-AUTO JUL FUT","","5.0000","75","FUTSTK","D","NSE","9735.0000","7965.0000","2024-07-25 14:00:00","","3001"
"35195","BAJAJFINSV-Jul2024-FUT","BAJAJFINSV JUL FUT","","5.0000","500","FUTSTK","D","NSE","1770.1500","1448.3000","2024-07-25 14:00:00","","15001"
"35302","BAJFINANCE-Jul2024-FUT","BAJFINANCE JUL FUT","","5.0000","125","FUTSTK","D","NSE","7484.6500","6123.8000","2024-07-25 14:00:00","","3751"
"35303","BALKRISIND-Jul2024-FUT","BALKRISIND JUL FUT","","5.0000","300","FUTSTK","D","NSE","3120.2500","2552.9000","2024-07-25 14:00:00","","12001"
"35338","BALRAMCHIN-Jul2024-FUT","BALRAMCHIN JUL FUT","","5.0000","1600","FUTSTK","D","NSE","425.0000","347.7500","2024-07-25 14:00:00","","64001"
"35341","BANDHANBNK-Jul2024-FUT","BANDHANBNK JUL FUT","","5.0000","2800","FUTSTK","D","NSE","202.7500","165.9000","2024-07-25 14:00:00","","112001"
"35399","BANKBARODA-Jul2024-FUT","BANKBARODA JUL FUT","","5.0000","2925","FUTSTK","D","NSE","293.1500","239.8500","2024-07-25 14:00:00","","87751"
"35402","BATAINDIA-Jul2024-FUT","BATAINDIA JUL FUT","","5.0000","375","FUTSTK","D","NSE","1530.0000","1251.8500","2024-07-25 14:00:00","","18751"
"35403","BEL-Jul2024-FUT","BEL JUL FUT","","5.0000","2850","FUTSTK","D","NSE","288.6500","236.2000","2024-07-25 14:00:00","","114001"
"35414","BERGEPAINT-Jul2024-FUT","BERGEPAINT JUL FUT","","5.0000","1320","FUTSTK","D","NSE","528.4500","432.4000","2024-07-25 14:00:00","","39601"
"35487","BHARATFORG-Jul2024-FUT","BHARATFORG JUL FUT","","5.0000","500","FUTSTK","D","NSE","1658.6000","1357.0500","2024-07-25 14:00:00","","20001"
"35492","BHARTIARTL-Jul2024-FUT","BHARTIARTL JUL FUT","","5.0000","475","FUTSTK","D","NSE","1500.0000","1227.2500","2024-07-25 14:00:00","","19001"
"35493","BHEL-Jul2024-FUT","BHEL JUL FUT","","5.0000","2625","FUTSTK","D","NSE","347.2000","284.0500","2024-07-25 14:00:00","","78751"
"35494","BIOCON-Jul2024-FUT","BIOCON JUL FUT","","5.0000","2500","FUTSTK","D","NSE","339.6500","277.9000","2024-07-25 14:00:00","","75001"
"35495","BOSCHLTD-Jul2024-FUT","BOSCHLTD JUL FUT","","5.0000","25","FUTSTK","D","NSE","34324.8000","28083.9500","2024-07-25 14:00:00","","751"
"35496","BPCL-Jul2024-FUT","BPCL JUL FUT","","5.0000","900","FUTSTK","D","NSE","701.5500","574.0000","2024-07-25 14:00:00","","36001"
"35549","BRITANNIA-Jul2024-FUT","BRITANNIA JUL FUT","","5.0000","200","FUTSTK","D","NSE","5682.1500","4649.0000","2024-07-25 14:00:00","","6001"
"35550","BSOFT-Jul2024-FUT","BSOFT JUL FUT","","5.0000","1000","FUTSTK","D","NSE","684.8500","560.3000","2024-07-25 14:00:00","","30001"
"35649","CANBK-Jul2024-FUT","CANBK JUL FUT","","5.0000","6750","FUTSTK","D","NSE","127.7500","104.5000","2024-07-25 14:00:00","","202501"
"35650","CANFINHOME-Jul2024-FUT","CANFINHOME JUL FUT","","5.0000","975","FUTSTK","D","NSE","845.6500","691.9000","2024-07-25 14:00:00","","29251"
"35651","CHAMBLFERT-Jul2024-FUT","CHAMBLFERT JUL FUT","","5.0000","1900","FUTSTK","D","NSE","446.9000","365.6500","2024-07-25 14:00:00","","57001"
"35652","CHOLAFIN-Jul2024-FUT","CHOLAFIN JUL FUT","","5.0000","625","FUTSTK","D","NSE","1429.3000","1169.4500","2024-07-25 14:00:00","","18751"
"35657","CIPLA-Jul2024-FUT","CIPLA JUL FUT","","5.0000","650","FUTSTK","D","NSE","1565.6500","1281.0000","2024-07-25 14:00:00","","19501"
"35660","COALINDIA-Jul2024-FUT","COALINDIA JUL FUT","","5.0000","2100","FUTSTK","D","NSE","524.8000","429.3500","2024-07-25 14:00:00","","63001"
"40171","COFORGE-Jul2024-FUT","COFORGE JUL FUT","","5.0000","150","FUTSTK","D","NSE","5271.7500","4313.2500","2024-07-25 14:00:00","","4501"
"40172","COLPAL-Jul2024-FUT","COLPAL JUL FUT","","5.0000","350","FUTSTK","D","NSE","2932.1500","2399.0000","2024-07-25 14:00:00","","10501"
"40173","CONCOR-Jul2024-FUT","CONCOR JUL FUT","","5.0000","1000","FUTSTK","D","NSE","1227.9000","1004.6500","2024-07-25 14:00:00","","30001"
"40174","COROMANDEL-Jul2024-FUT","COROMANDEL JUL FUT","","5.0000","700","FUTSTK","D","NSE","1372.8000","1123.2000","2024-07-25 14:00:00","","21001"
"40175","CROMPTON-Jul2024-FUT","CROMPTON JUL FUT","","5.0000","1800","FUTSTK","D","NSE","445.6500","364.6000","2024-07-25 14:00:00","","72001"
"40176","CUB-Jul2024-FUT","CUB JUL FUT","","5.0000","5000","FUTSTK","D","NSE","170.7500","139.7000","2024-07-25 14:00:00","","150001"
"40177","CUMMINSIND-Jul2024-FUT","CUMMINSIND JUL FUT","","5.0000","300","FUTSTK","D","NSE","4197.6000","3434.4000","2024-07-25 14:00:00","","9001"
"40178","DABUR-Jul2024-FUT","DABUR JUL FUT","","5.0000","1250","FUTSTK","D","NSE","599.5000","490.5000","2024-07-25 14:00:00","","50001"
"40179","DALBHARAT-Jul2024-FUT","DALBHARAT JUL FUT","","5.0000","275","FUTSTK","D","NSE","2028.0500","1659.3000","2024-07-25 14:00:00","","11001"
"40180","DEEPAKNTR-Jul2024-FUT","DEEPAKNTR JUL FUT","","5.0000","300","FUTSTK","D","NSE","2807.5000","2297.0500","2024-07-25 14:00:00","","9001"
"40610","DIVISLAB-Jul2024-FUT","DIVISLAB JUL FUT","","5.0000","200","FUTSTK","D","NSE","4395.6000","3596.4000","2024-07-25 14:00:00","","6001"
"40613","DIXON-Jul2024-FUT","DIXON JUL FUT","","5.0000","100","FUTSTK","D","NSE","9978.4500","8164.2000","2024-07-25 14:00:00","","3001"
"40698","DLF-Jul2024-FUT","DLF JUL FUT","","5.0000","825","FUTSTK","D","NSE","949.4500","776.8000","2024-07-25 14:00:00","","24751"
"40702","DRREDDY-Jul2024-FUT","DRREDDY JUL FUT","","5.0000","125","FUTSTK","D","NSE","6452.0500","5278.9500","2024-07-25 14:00:00","","3751"
"46820","EICHERMOT-Jul2024-FUT","EICHERMOT JUL FUT","","5.0000","175","FUTSTK","D","NSE","5229.4000","4278.6000","2024-07-25 14:00:00","","5251"
"46821","ESCORTS-Jul2024-FUT","ESCORTS JUL FUT","","5.0000","275","FUTSTK","D","NSE","4342.9500","3553.3000","2024-07-25 14:00:00","","8251"
"46823","EXIDEIND-Jul2024-FUT","EXIDEIND JUL FUT","","5.0000","1800","FUTSTK","D","NSE","530.3500","433.9000","2024-07-25 14:00:00","","54001"
"46832","FEDERALBNK-Jul2024-FUT","FEDERALBNK JUL FUT","","5.0000","5000","FUTSTK","D","NSE","182.7000","149.4500","2024-07-25 14:00:00","","150001"
"46833","GAIL-Jul2024-FUT","GAIL JUL FUT","","5.0000","4575","FUTSTK","D","NSE","233.5000","191.0500","2024-07-25 14:00:00","","137251"
"46834","GLENMARK-Jul2024-FUT","GLENMARK JUL FUT","","5.0000","725","FUTSTK","D","NSE","1162.3500","951.0000","2024-07-25 14:00:00","","21751"
"46835","GMRINFRA-Jul2024-FUT","GMRINFRA JUL FUT","","5.0000","11250","FUTSTK","D","NSE","95.9500","78.5000","2024-07-25 14:00:00","","337501"
"46836","GNFC-Jul2024-FUT","GNFC JUL FUT","","5.0000","1300","FUTSTK","D","NSE","750.7500","614.2500","2024-07-25 14:00:00","","39001"
"48588","GODREJCP-Jul2024-FUT","GODREJCP JUL FUT","","5.0000","500","FUTSTK","D","NSE","1448.9500","1185.5000","2024-07-25 14:00:00","","20001"
"48589","GODREJPROP-Jul2024-FUT","GODREJPROP JUL FUT","","5.0000","225","FUTSTK","D","NSE","3184.6500","2605.6000","2024-07-25 14:00:00","","9001"
"49889","GRANULES-Jul2024-FUT","GRANULES JUL FUT","","5.0000","2000","FUTSTK","D","NSE","453.6000","371.1500","2024-07-25 14:00:00","","60001"
"49890","GRASIM-Jul2024-FUT","GRASIM JUL FUT","","5.0000","250","FUTSTK","D","NSE","2714.4500","2220.9000","2024-07-25 14:00:00","","10001"
"49900","GUJGASLTD-Jul2024-FUT","GUJGASLTD JUL FUT","","5.0000","1250","FUTSTK","D","NSE","617.4500","505.2000","2024-07-25 14:00:00","","50001"
"49901","HAL-Jul2024-FUT","HAL JUL FUT","","5.0000","300","FUTSTK","D","NSE","5281.2500","4321.0000","2024-07-25 14:00:00","","6001"
"49908","HAVELLS-Jul2024-FUT","HAVELLS JUL FUT","","5.0000","500","FUTSTK","D","NSE","2030.7500","1661.5000","2024-07-25 14:00:00","","15001"
"49909","HCLTECH-Jul2024-FUT","HCLTECH JUL FUT","","5.0000","350","FUTSTK","D","NSE","1482.7500","1213.2000","2024-07-25 14:00:00","","14001"
"51753","HDFCAMC-Jul2024-FUT","HDFCAMC JUL FUT","","5.0000","150","FUTSTK","D","NSE","4222.3000","3454.6500","2024-07-25 14:00:00","","6001"
"51754","HDFCBANK-Jul2024-FUT","HDFCBANK JUL FUT","","5.0000","550","FUTSTK","D","NSE","1639.8000","1341.6500","2024-07-25 14:00:00","","16501"
"51770","HDFCLIFE-Jul2024-FUT","HDFCLIFE JUL FUT","","5.0000","1100","FUTSTK","D","NSE","634.3000","518.9500","2024-07-25 14:00:00","","44001"
"51772","HEROMOTOCO-Jul2024-FUT","HEROMOTOCO JUL FUT","","5.0000","150","FUTSTK","D","NSE","5668.1000","4637.5500","2024-07-25 14:00:00","","6001"
"51777","HINDALCO-Jul2024-FUT","HINDALCO JUL FUT","","5.0000","1400","FUTSTK","D","NSE","737.8500","603.7000","2024-07-25 14:00:00","","42001"
"51778","HINDCOPPER-Jul2024-FUT","HINDCOPPER JUL FUT","","5.0000","2650","FUTSTK","D","NSE","433.0000","354.2500","2024-07-25 14:00:00","","79501"
"52220","HINDPETRO-Jul2024-FUT","HINDPETRO JUL FUT","","5.0000","1350","FUTSTK","D","NSE","563.5000","461.0500","2024-07-25 14:00:00","","54001"
"63689","HINDUNILVR-Jul2024-FUT","HINDUNILVR JUL FUT","","5.0000","300","FUTSTK","D","NSE","2575.6500","2107.3500","2024-07-25 14:00:00","","12001"
"63690","ICICIBANK-Jul2024-FUT","ICICIBANK JUL FUT","","5.0000","700","FUTSTK","D","NSE","1260.9000","1031.6500","2024-07-25 14:00:00","","21001"
"63692","ICICIGI-Jul2024-FUT","ICICIGI JUL FUT","","5.0000","500","FUTSTK","D","NSE","1866.9500","1527.5000","2024-07-25 14:00:00","","15001"
"63693","ICICIPRULI-Jul2024-FUT","ICICIPRULI JUL FUT","","5.0000","1500","FUTSTK","D","NSE","657.5500","538.0000","2024-07-25 14:00:00","","45001"
"63694","IDEA-Jul2024-FUT","IDEA JUL FUT","","5.0000","40000","FUTSTK","D","NSE","14.8500","12.1500","2024-07-25 14:00:00","","1600001"
"63695","IDFC-Jul2024-FUT","IDFC JUL FUT","","5.0000","5000","FUTSTK","D","NSE","127.5500","104.4000","2024-07-25 14:00:00","","200001"
"63702","IDFCFIRSTB-Jul2024-FUT","IDFCFIRSTB JUL FUT","","5.0000","7500","FUTSTK","D","NSE","85.9500","70.3000","2024-07-25 14:00:00","","300001"
"63703","IEX-Jul2024-FUT","IEX JUL FUT","","5.0000","3750","FUTSTK","D","NSE","175.9500","144.0000","2024-07-25 14:00:00","","150001"
"63704","IGL-Jul2024-FUT","IGL JUL FUT","","5.0000","1375","FUTSTK","D","NSE","478.4000","391.4500","2024-07-25 14:00:00","","55001"
"63705","INDHOTEL-Jul2024-FUT","INDHOTEL JUL FUT","","5.0000","1000","FUTSTK","D","NSE","636.3000","520.6500","2024-07-25 14:00:00","","40001"
"63706","INDIACEM-Jul2024-FUT","INDIACEM JUL FUT","","5.0000","2900","FUTSTK","D","NSE","238.6500","195.3000","2024-07-25 14:00:00","","116001"
"63707","INDIAMART-Jul2024-FUT","INDIAMART JUL FUT","","5.0000","300","FUTSTK","D","NSE","2935.2000","2401.5500","2024-07-25 14:00:00","","9001"
"63708","INDIGO-Jul2024-FUT","INDIGO JUL FUT","","5.0000","300","FUTSTK","D","NSE","4869.2500","3983.9000","2024-07-25 14:00:00","","6001"
"63709","INDUSINDBK-Jul2024-FUT","INDUSINDBK JUL FUT","","5.0000","500","FUTSTK","D","NSE","1567.5000","1282.5000","2024-07-25 14:00:00","","15001"
"63710","INDUSTOWER-Jul2024-FUT","INDUSTOWER JUL FUT","","5.0000","3400","FUTSTK","D","NSE","384.6500","314.7000","2024-07-25 14:00:00","","68001"
"63711","INFY-Jul2024-FUT","INFY JUL FUT","","5.0000","400","FUTSTK","D","NSE","1584.0000","1296.0000","2024-07-25 14:00:00","","16001"
"63712","IOC-Jul2024-FUT","IOC JUL FUT","","5.0000","4875","FUTSTK","D","NSE","184.0000","150.5500","2024-07-25 14:00:00","","146251"
"63713","IPCALAB-Jul2024-FUT","IPCALAB JUL FUT","","5.0000","650","FUTSTK","D","NSE","1460.6000","1195.0500","2024-07-25 14:00:00","","19501"
"63714","IRCTC-Jul2024-FUT","IRCTC JUL FUT","","5.0000","875","FUTSTK","D","NSE","1232.9000","1008.7500","2024-07-25 14:00:00","","26251"
"63715","ITC-Jul2024-FUT","ITC JUL FUT","","5.0000","1600","FUTSTK","D","NSE","482.0000","394.3500","2024-07-25 14:00:00","","64001"
"63716","JINDALSTEL-Jul2024-FUT","JINDALSTEL JUL FUT","","5.0000","625","FUTSTK","D","NSE","1131.2500","925.6000","2024-07-25 14:00:00","","25001"
"63717","JKCEMENT-Jul2024-FUT","JKCEMENT JUL FUT","","5.0000","125","FUTSTK","D","NSE","4351.8000","3560.5500","2024-07-25 14:00:00","","6251"
"63718","JSWSTEEL-Jul2024-FUT","JSWSTEEL JUL FUT","","5.0000","675","FUTSTK","D","NSE","993.3000","812.7000","2024-07-25 14:00:00","","27001"
"63719","JUBLFOOD-Jul2024-FUT","JUBLFOOD JUL FUT","","5.0000","1250","FUTSTK","D","NSE","523.4500","428.3000","2024-07-25 14:00:00","","50001"
"63722","KOTAKBANK-Jul2024-FUT","KOTAKBANK JUL FUT","","5.0000","400","FUTSTK","D","NSE","1895.5000","1550.8500","2024-07-25 14:00:00","","16001"
"63723","LALPATHLAB-Jul2024-FUT","LALPATHLAB JUL FUT","","5.0000","300","FUTSTK","D","NSE","2827.4500","2313.4000","2024-07-25 14:00:00","","12001"
"63724","LAURUSLABS-Jul2024-FUT","LAURUSLABS JUL FUT","","5.0000","1700","FUTSTK","D","NSE","495.8500","405.7000","2024-07-25 14:00:00","","51001"
"63725","LICHSGFIN-Jul2024-FUT","LICHSGFIN JUL FUT","","5.0000","1000","FUTSTK","D","NSE","719.1000","588.3500","2024-07-25 14:00:00","","40001"
"63730","LT-Jul2024-FUT","LT JUL FUT","","5.0000","150","FUTSTK","D","NSE","3834.7000","3137.4500","2024-07-25 14:00:00","","6001"
"63731","LTF-Jul2024-FUT","LTF JUL FUT","","5.0000","4462","FUTSTK","D","NSE","178.6500","146.2000","2024-07-25 14:00:00","","133861"
"63736","LTIM-Jul2024-FUT","LTIM JUL FUT","","5.0000","150","FUTSTK","D","NSE","5273.4000","4314.6000","2024-07-25 14:00:00","","4501"
"63737","LTTS-Jul2024-FUT","LTTS JUL FUT","","5.0000","100","FUTSTK","D","NSE","4858.6500","3975.3000","2024-07-25 14:00:00","","5001"
"63738","LUPIN-Jul2024-FUT","LUPIN JUL FUT","","5.0000","425","FUTSTK","D","NSE","1834.7500","1501.2000","2024-07-25 14:00:00","","17001"
"63739","M&M-Jul2024-FUT","M&M JUL FUT","","5.0000","350","FUTSTK","D","NSE","2768.2500","2264.9000","2024-07-25 14:00:00","","10501"
"63748","M&MFIN-Jul2024-FUT","M&MFIN JUL FUT","","5.0000","2000","FUTSTK","D","NSE","295.0000","241.3500","2024-07-25 14:00:00","","80001"
"63749","MANAPPURAM-Jul2024-FUT","MANAPPURAM JUL FUT","","5.0000","3000","FUTSTK","D","NSE","200.0000","163.6500","2024-07-25 14:00:00","","120001"
"63750","MARICO-Jul2024-FUT","MARICO JUL FUT","","5.0000","1200","FUTSTK","D","NSE","662.6000","542.1500","2024-07-25 14:00:00","","48001"
"63751","MARUTI-Jul2024-FUT","MARUTI JUL FUT","","5.0000","50","FUTSTK","D","NSE","14099.5000","11535.9500","2024-07-25 14:00:00","","2001"
"63752","MCDOWELL-N-Jul2024-FUT","MCDOWELL-N JUL FUT","","5.0000","700","FUTSTK","D","NSE","1317.0000","1077.5500","2024-07-25 14:00:00","","21001"
"63753","MCX-Jul2024-FUT","MCX JUL FUT","","5.0000","200","FUTSTK","D","NSE","4536.8500","3712.0000","2024-07-25 14:00:00","","6001"
"63754","METROPOLIS-Jul2024-FUT","METROPOLIS JUL FUT","","5.0000","400","FUTSTK","D","NSE","2052.0500","1678.9500","2024-07-25 14:00:00","","12001"
"63755","MFSL-Jul2024-FUT","MFSL JUL FUT","","5.0000","800","FUTSTK","D","NSE","1142.7000","934.9500","2024-07-25 14:00:00","","24001"
"63766","MGL-Jul2024-FUT","MGL JUL FUT","","5.0000","400","FUTSTK","D","NSE","1471.8000","1204.2000","2024-07-25 14:00:00","","16001"
"63767","MOTHERSON-Jul2024-FUT","MOTHERSON JUL FUT","","5.0000","7100","FUTSTK","D","NSE","145.2000","118.8000","2024-07-25 14:00:00","","213001"
"63770","MPHASIS-Jul2024-FUT","MPHASIS JUL FUT","","5.0000","275","FUTSTK","D","NSE","2591.7500","2120.5000","2024-07-25 14:00:00","","11001"
"63771","MRF-Jul2024-FUT","MRF JUL FUT","","5.0000","5","FUTSTK","D","NSE","143909.0000","117743.7500","2024-07-25 14:00:00","","201"
"63772","MUTHOOTFIN-Jul2024-FUT","MUTHOOTFIN JUL FUT","","5.0000","550","FUTSTK","D","NSE","1899.4500","1554.1000","2024-07-25 14:00:00","","16501"
"63773","NATIONALUM-Jul2024-FUT","NATIONALUM JUL FUT","","5.0000","3750","FUTSTK","D","NSE","222.5000","182.0500","2024-07-25 14:00:00","","150001"
"63774","NAUKRI-Jul2024-FUT","NAUKRI JUL FUT","","5.0000","150","FUTSTK","D","NSE","6913.8500","5656.8000","2024-07-25 14:00:00","","4501"
"63775","NAVINFLUOR-Jul2024-FUT","NAVINFLUOR JUL FUT","","5.0000","175","FUTSTK","D","NSE","3824.6500","3129.3000","2024-07-25 14:00:00","","7001"
"63776","NESTLEIND-Jul2024-FUT","NESTLEIND JUL FUT","","5.0000","200","FUTSTK","D","NSE","2788.6500","2281.6000","2024-07-25 14:00:00","","10001"
"63777","NMDC-Jul2024-FUT","NMDC JUL FUT","","5.0000","4500","FUTSTK","D","NSE","311.1000","254.5500","2024-07-25 14:00:00","","90001"
"63778","NTPC-Jul2024-FUT","NTPC JUL FUT","","5.0000","1500","FUTSTK","D","NSE","408.4000","334.1500","2024-07-25 14:00:00","","75001"
"63779","OBEROIRLTY-Jul2024-FUT","OBEROIRLTY JUL FUT","","5.0000","700","FUTSTK","D","NSE","1938.5000","1586.0500","2024-07-25 14:00:00","","21001"
"63780","OFSS-Jul2024-FUT","OFSS JUL FUT","","5.0000","100","FUTSTK","D","NSE","8684.4500","7105.5000","2024-07-25 14:00:00","","3001"
"63781","ONGC-Jul2024-FUT","ONGC JUL FUT","","5.0000","1925","FUTSTK","D","NSE","311.4000","254.7500","2024-07-25 14:00:00","","77001"
"63782","PAGEIND-Jul2024-FUT","PAGEIND JUL FUT","","5.0000","15","FUTSTK","D","NSE","39885.4000","32633.5500","2024-07-25 14:00:00","","751"
"63783","PEL-Jul2024-FUT","PEL JUL FUT","","5.0000","750","FUTSTK","D","NSE","924.0000","756.0000","2024-07-25 14:00:00","","30001"
"63784","PERSISTENT-Jul2024-FUT","PERSISTENT JUL FUT","","5.0000","200","FUTSTK","D","NSE","3910.5000","3199.5000","2024-07-25 14:00:00","","6001"
"63785","PETRONET-Jul2024-FUT","PETRONET JUL FUT","","5.0000","3000","FUTSTK","D","NSE","350.6000","286.8500","2024-07-25 14:00:00","","90001"
"63794","PFC-Jul2024-FUT","PFC JUL FUT","","5.0000","1300","FUTSTK","D","NSE","517.7000","423.5500","2024-07-25 14:00:00","","52001"
"63795","PIDILITIND-Jul2024-FUT","PIDILITIND JUL FUT","","5.0000","250","FUTSTK","D","NSE","3361.3500","2750.2000","2024-07-25 14:00:00","","7501"
"63796","PIIND-Jul2024-FUT","PIIND JUL FUT","","5.0000","250","FUTSTK","D","NSE","3982.0000","3258.0000","2024-07-25 14:00:00","","7501"
"63797","PNB-Jul2024-FUT","PNB JUL FUT","","5.0000","8000","FUTSTK","D","NSE","139.5500","114.2000","2024-07-25 14:00:00","","160001"
"63798","POLYCAB-Jul2024-FUT","POLYCAB JUL FUT","","5.0000","125","FUTSTK","D","NSE","7243.7500","5926.7000","2024-07-25 14:00:00","","5001"
"63799","POWERGRID-Jul2024-FUT","POWERGRID JUL FUT","","5.0000","3600","FUTSTK","D","NSE","354.0000","289.6500","2024-07-25 14:00:00","","108001"
"63800","PVRINOX-Jul2024-FUT","PVRINOX JUL FUT","","5.0000","407","FUTSTK","D","NSE","1484.7500","1214.8000","2024-07-25 14:00:00","","16281"
"63801","RAMCOCEM-Jul2024-FUT","RAMCOCEM JUL FUT","","5.0000","850","FUTSTK","D","NSE","870.9000","712.5500","2024-07-25 14:00:00","","34001"
"63804","RBLBANK-Jul2024-FUT","RBLBANK JUL FUT","","5.0000","2500","FUTSTK","D","NSE","281.4000","230.2500","2024-07-25 14:00:00","","100001"
"63805","RECLTD-Jul2024-FUT","RECLTD JUL FUT","","5.0000","2000","FUTSTK","D","NSE","602.7000","493.1500","2024-07-25 14:00:00","","60001"
"63806","RELIANCE-Jul2024-FUT","RELIANCE JUL FUT","","5.0000","250","FUTSTK","D","NSE","3200.2000","2618.3500","2024-07-25 14:00:00","","7501"
"63807","SAIL-Jul2024-FUT","SAIL JUL FUT","","5.0000","4000","FUTSTK","D","NSE","190.0500","155.5000","2024-07-25 14:00:00","","160001"
"63808","SBICARD-Jul2024-FUT","SBICARD JUL FUT","","5.0000","800","FUTSTK","D","NSE","793.1000","648.9000","2024-07-25 14:00:00","","32001"
"63809","SBILIFE-Jul2024-FUT","SBILIFE JUL FUT","","5.0000","375","FUTSTK","D","NSE","1605.5500","1313.6000","2024-07-25 14:00:00","","15001"
"63818","SBIN-Jul2024-FUT","SBIN JUL FUT","","5.0000","750","FUTSTK","D","NSE","901.2000","737.3500","2024-07-25 14:00:00","","30001"
"63819","SHREECEM-Jul2024-FUT","SHREECEM JUL FUT","","5.0000","25","FUTSTK","D","NSE","29310.5500","23981.4000","2024-07-25 14:00:00","","1001"
"63834","SHRIRAMFIN-Jul2024-FUT","SHRIRAMFIN JUL FUT","","5.0000","300","FUTSTK","D","NSE","2643.2000","2162.6500","2024-07-25 14:00:00","","9001"
"63835","SIEMENS-Jul2024-FUT","SIEMENS JUL FUT","","5.0000","150","FUTSTK","D","NSE","8028.9000","6569.1000","2024-07-25 14:00:00","","4501"
"63836","SRF-Jul2024-FUT","SRF JUL FUT","","5.0000","375","FUTSTK","D","NSE","2536.9500","2075.7000","2024-07-25 14:00:00","","11251"
"63837","SUNPHARMA-Jul2024-FUT","SUNPHARMA JUL FUT","","5.0000","350","FUTSTK","D","NSE","1708.1500","1397.6000","2024-07-25 14:00:00","","14001"
"63846","SUNTV-Jul2024-FUT","SUNTV JUL FUT","","5.0000","1500","FUTSTK","D","NSE","747.7500","611.8000","2024-07-25 14:00:00","","45001"
"63847","SYNGENE-Jul2024-FUT","SYNGENE JUL FUT","","5.0000","1000","FUTSTK","D","NSE","770.1000","630.0500","2024-07-25 14:00:00","","30001"
"63848","TATACHEM-Jul2024-FUT","TATACHEM JUL FUT","","5.0000","550","FUTSTK","D","NSE","1203.8000","984.9500","2024-07-25 14:00:00","","22001"
"63849","TATACOMM-Jul2024-FUT","TATACOMM JUL FUT","","5.0000","500","FUTSTK","D","NSE","2001.3000","1637.4500","2024-07-25 14:00:00","","15001"
"63852","TATACONSUM-Jul2024-FUT","TATACONSUM JUL FUT","","5.0000","450","FUTSTK","D","NSE","1221.2500","999.2000","2024-07-25 14:00:00","","18001"
"63853","TATAMOTORS-Jul2024-FUT","TATAMOTORS JUL FUT","","5.0000","550","FUTSTK","D","NSE","1059.4000","866.7500","2024-07-25 14:00:00","","22001"
"63854","TATAPOWER-Jul2024-FUT","TATAPOWER JUL FUT","","5.0000","1350","FUTSTK","D","NSE","491.9500","402.5000","2024-07-25 14:00:00","","54001"
"63855","TATASTEEL-Jul2024-FUT","TATASTEEL JUL FUT","","5.0000","5500","FUTSTK","D","NSE","185.7000","151.9500","2024-07-25 14:00:00","","165001"
"63856","TCS-Jul2024-FUT","TCS JUL FUT","","5.0000","175","FUTSTK","D","NSE","4290.2000","3510.1500","2024-07-25 14:00:00","","7001"
"63857","TECHM-Jul2024-FUT","TECHM JUL FUT","","5.0000","600","FUTSTK","D","NSE","1455.9500","1191.2000","2024-07-25 14:00:00","","18001"
"63860","TITAN-Jul2024-FUT","TITAN JUL FUT","","5.0000","175","FUTSTK","D","NSE","3740.8000","3060.6500","2024-07-25 14:00:00","","7001"
"63861","TORNTPHARM-Jul2024-FUT","TORNTPHARM JUL FUT","","5.0000","250","FUTSTK","D","NSE","3018.4000","2469.6000","2024-07-25 14:00:00","","10001"
"63888","TRENT-Jul2024-FUT","TRENT JUL FUT","","5.0000","200","FUTSTK","D","NSE","5177.3000","4235.9500","2024-07-25 14:00:00","","6001"
"63889","TVSMOTOR-Jul2024-FUT","TVSMOTOR JUL FUT","","5.0000","350","FUTSTK","D","NSE","2443.7500","1999.4000","2024-07-25 14:00:00","","10501"
"63896","UBL-Jul2024-FUT","UBL JUL FUT","","5.0000","400","FUTSTK","D","NSE","2143.8500","1754.1000","2024-07-25 14:00:00","","12001"
"63897","ULTRACEMCO-Jul2024-FUT","ULTRACEMCO JUL FUT","","5.0000","100","FUTSTK","D","NSE","11000.4500","9000.4000","2024-07-25 14:00:00","","3001"
"63898","UPL-Jul2024-FUT","UPL JUL FUT","","5.0000","1300","FUTSTK","D","NSE","570.2000","466.5500","2024-07-25 14:00:00","","52001"
"63907","VEDL-Jul2024-FUT","VEDL JUL FUT","","5.0000","2300","FUTSTK","D","NSE","510.3000","417.5500","2024-07-25 14:00:00","","69001"
"63908","VOLTAS-Jul2024-FUT","VOLTAS JUL FUT","","5.0000","600","FUTSTK","D","NSE","1445.8500","1183.0000","2024-07-25 14:00:00","","18001"
"63909","WIPRO-Jul2024-FUT","WIPRO JUL FUT","","5.0000","1500","FUTSTK","D","NSE","513.6500","420.3000","2024-07-25 14:00:00","","45001"
"63910","ZYDUSLIFE-Jul2024-FUT","ZYDUSLIFE JUL FUT","","5.0000","900","FUTSTK","D","NSE","1231.1500","1007.3000","2024-07-25 14:00:00","","27001"
"35080","MIDCPNIFTY-Jul2024-FUT","MIDCPNIFTY JUL FUT","","5.0000","50","FUTIDX","D","NSE","12651.4500","10351.2000","2024-07-29 14:00:00","","4201"
"35006","FINNIFTY-Jul2024-FUT","FINNIFTY JUL FUT","","5.0000","25","FUTIDX","D","NSE","24000.2500","19636.6000","2024-07-30 14:00:00","","1801"
